 	 192.168.18.13's load  	 192.168.18.12's load  	 192.168.18.11's load  	 192.168.18.10's load  	 192.168.18.9's load  	 192.168.18.8's load  	 192.168.18.7's load  	 192.168.18.6's load  	 192.168.18.5's load  	 192.168.18.4's load  	 192.168.18.3's load  	 192.168.18.2's load  	 192.168.18.1's load  	 192.168.18.0's load 
21:18:25 	 0.0	 0.0	 0.0	 0.0	 0.0	 0.0	 0.0	 0.0	 0.0	 0.0	 0.0	 0.0	 0.0	 0.0
21:18:26 	 0.0	 0.0	 0.0	 0.0	 0.0	 0.0	 0.0	 0.0	 0.0	 0.0	 0.0	 0.0	 0.0	 0.0
21:18:27 	 0.0	 0.0	 0.0	 0.0	 0.0	 0.0	 0.0	 0.0	 0.0	 0.0	 0.0	 0.0	 0.0	 0.0
21:18:28 	 0.0	 0.0	 0.0	 0.0	 0.0	 0.0	 0.0	 0.0	 0.0	 0.0	 0.0	 0.0	 0.0	 0.0
21:18:29 	 0.0	 0.0	 0.0	 0.0	 0.0	 0.0	 0.0	 0.0	 0.0	 0.0	 0.0	 0.0	 0.0	 2.49907700889832
21:18:30 	 0.0	 0.0	 0.0	 0.0	 0.0	 0.0	 0.0	 0.0	 0.0	 0.0	 0.0	 0.0	 5.60777909118665	 2.49907700889832
21:18:31 	 0.0	 0.0	 0.0	 0.0	 0.0	 0.0	 0.0	 0.0	 0.0	 0.0	 0.0	 0.0	 10.560798101289	 2.49907700889832
21:18:32 	 0.0	 0.0	 0.0	 0.0	 0.0	 0.0	 0.0	 0.0	 0.0	 0.0	 0.0	 5.22788259181157	 10.560798101289	 2.49907700889832
21:18:33 	 0.0	 0.0	 0.0	 0.0	 0.0	 0.0	 0.0	 0.0	 0.0	 0.0	 0.0	 9.34602200051398	 10.560798101289	 2.49907700889832
21:18:34 	 0.0	 0.0	 0.0	 0.0	 0.0	 0.0	 0.0	 0.0	 0.0	 0.0	 2.96872442254729	 9.34602200051398	 10.560798101289	 2.49907700889832
21:18:35 	 0.0	 0.0	 0.0	 0.0	 0.0	 0.0	 0.0	 0.0	 0.0	 0.0	 10.3042409258245	 9.34602200051398	 10.560798101289	 2.49907700889832
21:18:36 	 0.0	 0.0	 0.0	 0.0	 0.0	 0.0	 0.0	 0.0	 0.0	 2.25842000541311	 13.1261162491204	 9.34602200051398	 10.560798101289	 2.49907700889832
21:18:37 	 0.0	 0.0	 0.0	 0.0	 0.0	 0.0	 0.0	 0.0	 0.0	 10.1274001452138	 13.1261162491204	 9.34602200051398	 10.560798101289	 2.49907700889832
21:18:38 	 0.0	 0.0	 0.0	 0.0	 0.0	 0.0	 0.0	 0.0	 2.9172047774689	 12.4286444517407	 13.1261162491204	 9.34602200051398	 10.560798101289	 2.49907700889832
21:18:39 	 0.0	 0.0	 0.0	 0.0	 0.0	 0.0	 0.0	 0.0	 10.2442571620995	 12.4286444517407	 13.1261162491204	 9.34602200051398	 10.560798101289	 2.49907700889832
21:18:40 	 0.0	 0.0	 0.0	 0.0	 0.0	 0.0	 0.0	 6.4171516623247	 10.2442571620995	 12.4286444517407	 13.1261162491204	 9.34602200051398	 10.560798101289	 2.49907700889832
21:18:41 	 0.0	 0.0	 0.0	 0.0	 0.0	 0.0	 0.0	 14.1236021572146	 10.2442571620995	 12.4286444517407	 13.1261162491204	 9.34602200051398	 10.560798101289	 2.49907700889832
21:18:42 	 0.0	 0.0	 0.0	 0.0	 0.0	 0.0	 5.45130218753217	 14.1236021572146	 10.2442571620995	 12.4286444517407	 13.1261162491204	 9.34602200051398	 10.560798101289	 2.49907700889832
21:18:43 	 0.0	 0.0	 0.0	 0.0	 0.0	 0.0	 10.8257967316327	 14.1236021572146	 10.2442571620995	 12.4286444517407	 13.1261162491204	 9.34602200051398	 10.560798101289	 2.49907700889832
21:18:44 	 0.0	 0.0	 0.0	 0.0	 0.0	 5.52507885401532	 10.8257967316327	 14.1236021572146	 10.2442571620995	 12.4286444517407	 13.1261162491204	 9.34602200051398	 10.560798101289	 2.49907700889832
21:18:45 	 0.0	 0.0	 0.0	 0.0	 0.0	 10.5183399971128	 10.8257967316327	 14.1236021572146	 10.2442571620995	 12.4286444517407	 13.1261162491204	 9.34602200051398	 10.560798101289	 2.49907700889832
21:18:46 	 0.0	 0.0	 0.0	 0.0	 6.27987817359443	 10.5183399971128	 10.8257967316327	 14.1236021572146	 10.2442571620995	 12.4286444517407	 13.1261162491204	 9.34602200051398	 10.560798101289	 2.49907700889832
21:18:47 	 0.0	 0.0	 0.0	 0.0	 13.2471094510642	 10.5183399971128	 10.8257967316327	 14.1236021572146	 10.2442571620995	 12.4286444517407	 13.1261162491204	 9.34602200051398	 10.560798101289	 2.49907700889832
21:18:48 	 0.0	 0.0	 0.0	 5.01832677120556	 13.2471094510642	 10.5183399971128	 10.8257967316327	 14.1236021572146	 10.2442571620995	 12.4286444517407	 13.1261162491204	 9.34602200051398	 10.560798101289	 2.49907700889832
21:18:49 	 0.0	 0.0	 0.0	 9.66410144744097	 13.2471094510642	 10.5183399971128	 10.8257967316327	 14.1236021572146	 10.2442571620995	 12.4286444517407	 13.1261162491204	 9.34602200051398	 10.560798101289	 2.49907700889832
21:18:50 	 0.0	 0.0	 5.3588633306775	 9.66410144744097	 13.2471094510642	 10.5183399971128	 10.8257967316327	 14.1236021572146	 10.2442571620995	 12.4286444517407	 13.1261162491204	 9.34602200051398	 10.560798101289	 2.49907700889832
21:18:51 	 0.0	 0.0	 10.7483720047919	 9.66410144744097	 13.2471094510642	 10.5183399971128	 10.8257967316327	 14.1236021572146	 10.2442571620995	 12.4286444517407	 13.1261162491204	 9.34602200051398	 10.560798101289	 2.49907700889832
21:18:52 	 0.0	 5.3852839684705	 10.7483720047919	 9.66410144744097	 13.2471094510642	 10.5183399971128	 10.8257967316327	 14.1236021572146	 10.2442571620995	 12.4286444517407	 13.1261162491204	 9.34602200051398	 10.560798101289	 2.49907700889832
21:18:53 	 0.0	 9.62658185627939	 10.7483720047919	 9.66410144744097	 13.2471094510642	 10.5183399971128	 10.8257967316327	 14.1236021572146	 10.2442571620995	 12.4286444517407	 13.1261162491204	 9.34602200051398	 10.560798101289	 2.49907700889832
21:18:54 	 4.48649275174457	 9.62658185627939	 10.7483720047919	 9.66410144744097	 13.2471094510642	 10.5183399971128	 10.8257967316327	 14.1236021572146	 10.2442571620995	 12.4286444517407	 13.1261162491204	 9.34602200051398	 10.560798101289	 2.49907700889832
21:18:55 	 9.39430901074336	 9.62658185627939	 10.7483720047919	 9.66410144744097	 13.2471094510642	 10.5183399971128	 10.8257967316327	 14.1236021572146	 10.2442571620995	 12.4286444517407	 13.1261162491204	 9.34602200051398	 10.560798101289	 2.49907700889832
21:18:56 	 9.39430901074336	 9.62658185627939	 10.7483720047919	 9.66410144744097	 13.2471094510642	 10.5183399971128	 10.8257967316327	 14.1236021572146	 10.2442571620995	 12.4286444517407	 13.1261162491204	 9.34602200051398	 10.560798101289	 8.6086532059742
21:18:57 	 9.39430901074336	 9.62658185627939	 10.7483720047919	 9.66410144744097	 13.2471094510642	 10.5183399971128	 10.8257967316327	 14.1236021572146	 10.2442571620995	 12.4286444517407	 13.1261162491204	 9.34602200051398	 10.560798101289	 14.0783852329084
21:18:59 	 14.5252590955925	 9.62658185627939	 10.7483720047919	 9.66410144744097	 13.2471094510642	 10.5183399971128	 10.8257967316327	 14.1236021572146	 10.2442571620995	 12.4286444517407	 13.1261162491204	 9.34602200051398	 10.560798101289	 14.0783852329084
21:19:00 	 21.9677312027231	 9.62658185627939	 10.7483720047919	 9.66410144744097	 13.2471094510642	 10.5183399971128	 10.8257967316327	 14.1236021572146	 10.2442571620995	 12.4286444517407	 13.1261162491204	 9.34602200051398	 10.560798101289	 14.0783852329084
21:19:01 	 21.9677312027231	 16.0586451044865	 10.7483720047919	 9.66410144744097	 13.2471094510642	 10.5183399971128	 10.8257967316327	 14.1236021572146	 10.2442571620995	 12.4286444517407	 13.1261162491204	 9.34602200051398	 10.560798101289	 14.0783852329084
21:19:02 	 21.9677312027231	 20.2630738486893	 10.7483720047919	 9.66410144744097	 13.2471094510642	 10.5183399971128	 10.8257967316327	 14.1236021572146	 10.2442571620995	 12.4286444517407	 13.1261162491204	 9.34602200051398	 10.560798101289	 14.0783852329084
21:19:03 	 21.9677312027231	 20.2630738486893	 10.7483720047919	 12.81962064405	 13.2471094510642	 10.5183399971128	 10.8257967316327	 14.1236021572146	 10.2442571620995	 12.4286444517407	 13.1261162491204	 9.34602200051398	 10.560798101289	 14.0783852329084
21:19:04 	 21.9677312027231	 20.2630738486893	 10.7483720047919	 20.9450908056877	 13.2471094510642	 10.5183399971128	 10.8257967316327	 14.1236021572146	 10.2442571620995	 12.4286444517407	 13.1261162491204	 9.34602200051398	 10.560798101289	 14.0783852329084
21:19:05 	 21.9677312027231	 20.2630738486893	 10.7483720047919	 23.4980553323799	 13.2471094510642	 10.5183399971128	 10.8257967316327	 14.1236021572146	 10.2442571620995	 12.4286444517407	 13.1261162491204	 12.0548649075255	 10.560798101289	 14.0783852329084
21:19:06 	 21.9677312027231	 20.2630738486893	 10.7483720047919	 23.4980553323799	 13.2471094510642	 10.5183399971128	 10.8257967316327	 14.1236021572146	 10.2442571620995	 12.4286444517407	 13.1261162491204	 18.6923856848535	 10.560798101289	 14.0783852329084
21:19:07 	 21.9677312027231	 20.2630738486893	 13.2509689450664	 23.4980553323799	 13.2471094510642	 10.5183399971128	 10.8257967316327	 14.1236021572146	 10.2442571620995	 12.4286444517407	 13.1261162491204	 21.0947797632319	 10.560798101289	 14.0783852329084
21:19:08 	 21.9677312027231	 20.2630738486893	 18.3559818548817	 23.4980553323799	 13.2471094510642	 10.5183399971128	 10.8257967316327	 14.1236021572146	 10.2442571620995	 12.4286444517407	 13.1261162491204	 21.0947797632319	 10.560798101289	 14.0783852329084
21:19:09 	 21.9677312027231	 20.2630738486893	 20.4753211742269	 23.4980553323799	 13.2471094510642	 13.2385235642941	 10.8257967316327	 14.1236021572146	 10.2442571620995	 12.4286444517407	 13.1261162491204	 21.0947797632319	 10.560798101289	 14.0783852329084
21:19:10 	 21.9677312027231	 20.2630738486893	 20.4753211742269	 23.4980553323799	 13.2471094510642	 18.8597098348062	 10.8257967316327	 14.1236021572146	 10.2442571620995	 12.4286444517407	 13.1261162491204	 21.0947797632319	 10.560798101289	 14.0783852329084
21:19:11 	 21.9677312027231	 20.2630738486893	 20.4753211742269	 23.4980553323799	 13.2471094510642	 22.5623457305356	 12.7605864105533	 14.1236021572146	 10.2442571620995	 12.4286444517407	 13.1261162491204	 21.0947797632319	 10.560798101289	 14.0783852329084
21:19:12 	 21.9677312027231	 20.2630738486893	 20.4753211742269	 23.4980553323799	 13.2471094510642	 22.5623457305356	 17.8311593168088	 14.1236021572146	 10.2442571620995	 12.4286444517407	 13.1261162491204	 21.0947797632319	 10.560798101289	 14.0783852329084
21:19:13 	 21.9677312027231	 20.2630738486893	 20.4753211742269	 23.4980553323799	 13.2471094510642	 22.5623457305356	 19.6739011388913	 14.1236021572146	 13.2123710698642	 12.4286444517407	 13.1261162491204	 21.0947797632319	 10.560798101289	 14.0783852329084
21:19:14 	 21.9677312027231	 20.2630738486893	 20.4753211742269	 23.4980553323799	 13.2471094510642	 22.5623457305356	 19.6739011388913	 14.1236021572146	 19.3154706948083	 12.4286444517407	 13.1261162491204	 21.0947797632319	 10.560798101289	 14.0783852329084
21:19:15 	 21.9677312027231	 20.2630738486893	 20.4753211742269	 23.4980553323799	 13.2471094510642	 22.5623457305356	 19.6739011388913	 14.1236021572146	 21.6145299924213	 12.4286444517407	 13.1261162491204	 21.0947797632319	 14.649296247003	 14.0783852329084
21:19:16 	 21.9677312027231	 20.2630738486893	 20.4753211742269	 23.4980553323799	 13.2471094510642	 22.5623457305356	 19.6739011388913	 14.1236021572146	 21.6145299924213	 12.4286444517407	 13.1261162491204	 21.0947797632319	 20.0104977710219	 14.0783852329084
21:19:17 	 21.9677312027231	 20.2630738486893	 20.4753211742269	 23.4980553323799	 13.2471094510642	 22.5623457305356	 19.6739011388913	 14.1236021572146	 21.6145299924213	 15.8352108896905	 13.1261162491204	 21.0947797632319	 22.7064306724483	 14.0783852329084
21:19:18 	 21.9677312027231	 20.2630738486893	 20.4753211742269	 23.4980553323799	 13.2471094510642	 22.5623457305356	 19.6739011388913	 14.1236021572146	 21.6145299924213	 21.5243825609873	 13.1261162491204	 21.0947797632319	 22.7064306724483	 14.0783852329084
21:19:19 	 21.9677312027231	 20.2630738486893	 20.4753211742269	 23.4980553323799	 13.2471094510642	 22.5623457305356	 19.6739011388913	 14.1236021572146	 21.6145299924213	 25.0082869746638	 13.1261162491204	 21.0947797632319	 22.7064306724483	 16.8109510360101
21:19:20 	 21.9677312027231	 20.2630738486893	 20.4753211742269	 23.4980553323799	 13.2471094510642	 22.5623457305356	 19.6739011388913	 14.1236021572146	 21.6145299924213	 25.0082869746638	 13.1261162491204	 21.0947797632319	 22.7064306724483	 22.1010423137867
21:19:21 	 21.9677312027231	 20.2630738486893	 20.4753211742269	 23.4980553323799	 15.6741121476376	 22.5623457305356	 19.6739011388913	 14.1236021572146	 21.6145299924213	 25.0082869746638	 13.1261162491204	 21.0947797632319	 22.7064306724483	 26.466489029226
21:19:22 	 21.9677312027231	 20.2630738486893	 20.4753211742269	 23.4980553323799	 22.7378306360389	 22.5623457305356	 19.6739011388913	 14.1236021572146	 21.6145299924213	 25.0082869746638	 13.1261162491204	 21.0947797632319	 22.7064306724483	 26.466489029226
21:19:23 	 21.9677312027231	 20.2630738486893	 20.4753211742269	 23.4980553323799	 22.7378306360389	 22.5623457305356	 19.6739011388913	 20.754231317475	 21.6145299924213	 25.0082869746638	 13.1261162491204	 21.0947797632319	 22.7064306724483	 26.466489029226
21:19:24 	 21.9677312027231	 20.2630738486893	 20.4753211742269	 23.4980553323799	 22.7378306360389	 22.5623457305356	 19.6739011388913	 26.7002957629872	 21.6145299924213	 25.0082869746638	 13.1261162491204	 21.0947797632319	 22.7064306724483	 26.466489029226
21:19:25 	 21.9677312027231	 20.2630738486893	 20.4753211742269	 23.4980553323799	 22.7378306360389	 22.5623457305356	 19.6739011388913	 26.7002957629872	 21.6145299924213	 25.0082869746638	 18.5644823645938	 21.0947797632319	 22.7064306724483	 26.466489029226
21:19:26 	 21.9677312027231	 20.2630738486893	 20.4753211742269	 23.4980553323799	 22.7378306360389	 22.5623457305356	 19.6739011388913	 26.7002957629872	 21.6145299924213	 25.0082869746638	 24.6319531433159	 21.0947797632319	 22.7064306724483	 26.466489029226
21:19:27 	 21.9677312027231	 20.2630738486893	 20.4753211742269	 23.4980553323799	 22.7378306360389	 22.5623457305356	 26.0978384964828	 26.7002957629872	 21.6145299924213	 25.0082869746638	 24.6319531433159	 21.0947797632319	 22.7064306724483	 26.466489029226
21:19:28 	 21.9677312027231	 20.2630738486893	 20.4753211742269	 23.4980553323799	 22.7378306360389	 22.5623457305356	 32.9629581971301	 26.7002957629872	 21.6145299924213	 25.0082869746638	 24.6319531433159	 21.0947797632319	 22.7064306724483	 26.466489029226
21:19:29 	 21.9677312027231	 20.2630738486893	 27.2126312560685	 23.4980553323799	 22.7378306360389	 22.5623457305356	 32.9629581971301	 26.7002957629872	 21.6145299924213	 25.0082869746638	 24.6319531433159	 21.0947797632319	 22.7064306724483	 26.466489029226
21:19:30 	 21.9677312027231	 20.2630738486893	 33.6805952224624	 23.4980553323799	 22.7378306360389	 22.5623457305356	 32.9629581971301	 26.7002957629872	 21.6145299924213	 25.0082869746638	 24.6319531433159	 21.0947797632319	 22.7064306724483	 26.466489029226
21:19:31 	 21.9677312027231	 27.8478062819677	 33.6805952224624	 23.4980553323799	 22.7378306360389	 22.5623457305356	 32.9629581971301	 26.7002957629872	 21.6145299924213	 25.0082869746638	 24.6319531433159	 21.0947797632319	 22.7064306724483	 26.466489029226
21:19:32 	 21.9677312027231	 33.992967870227	 33.6805952224624	 23.4980553323799	 22.7378306360389	 22.5623457305356	 32.9629581971301	 26.7002957629872	 21.6145299924213	 25.0082869746638	 24.6319531433159	 21.0947797632319	 22.7064306724483	 26.466489029226
21:19:33 	 21.9677312027231	 33.992967870227	 33.6805952224624	 23.4980553323799	 22.7378306360389	 22.5623457305356	 32.9629581971301	 26.7002957629872	 26.2646322173838	 25.0082869746638	 24.6319531433159	 21.0947797632319	 22.7064306724483	 26.466489029226
21:19:34 	 21.9677312027231	 33.992967870227	 33.6805952224624	 23.4980553323799	 22.7378306360389	 22.5623457305356	 32.9629581971301	 26.7002957629872	 33.4876061072541	 25.0082869746638	 24.6319531433159	 21.0947797632319	 22.7064306724483	 26.466489029226
21:19:35 	 21.9677312027231	 33.992967870227	 33.6805952224624	 23.4980553323799	 22.7378306360389	 22.5623457305356	 32.9629581971301	 26.7002957629872	 33.4876061072541	 25.0082869746638	 24.6319531433159	 23.8483265574751	 22.7064306724483	 26.466489029226
21:19:36 	 21.9677312027231	 33.992967870227	 33.6805952224624	 23.4980553323799	 22.7378306360389	 22.5623457305356	 32.9629581971301	 26.7002957629872	 33.4876061072541	 25.0082869746638	 24.6319531433159	 30.1014182320914	 22.7064306724483	 26.466489029226
21:19:37 	 21.9677312027231	 33.992967870227	 33.6805952224624	 23.4980553323799	 24.2485878844575	 22.5623457305356	 32.9629581971301	 26.7002957629872	 33.4876061072541	 25.0082869746638	 24.6319531433159	 32.4770670392071	 22.7064306724483	 26.466489029226
21:19:38 	 21.9677312027231	 33.992967870227	 33.6805952224624	 23.4980553323799	 29.9385703904802	 22.5623457305356	 32.9629581971301	 26.7002957629872	 33.4876061072541	 25.0082869746638	 24.6319531433159	 32.4770670392071	 22.7064306724483	 26.466489029226
21:19:39 	 21.9677312027231	 33.992967870227	 33.6805952224624	 23.4980553323799	 33.7740514645754	 22.5623457305356	 32.9629581971301	 26.7002957629872	 33.4876061072541	 25.0082869746638	 24.6319531433159	 32.4770670392071	 26.2942382161266	 26.466489029226
21:19:40 	 21.9677312027231	 33.992967870227	 33.6805952224624	 23.4980553323799	 33.7740514645754	 22.5623457305356	 32.9629581971301	 26.7002957629872	 33.4876061072541	 25.0082869746638	 24.6319531433159	 32.4770670392071	 30.7209705359933	 26.466489029226
21:19:41 	 21.9677312027231	 33.992967870227	 33.6805952224624	 23.4980553323799	 33.7740514645754	 26.4424405330202	 32.9629581971301	 26.7002957629872	 33.4876061072541	 25.0082869746638	 24.6319531433159	 32.4770670392071	 33.3959232685769	 26.466489029226
21:19:42 	 21.9677312027231	 33.992967870227	 33.6805952224624	 23.4980553323799	 33.7740514645754	 30.4810484100526	 32.9629581971301	 26.7002957629872	 33.4876061072541	 25.0082869746638	 24.6319531433159	 32.4770670392071	 33.3959232685769	 26.466489029226
21:19:43 	 25.5436070025985	 33.992967870227	 33.6805952224624	 23.4980553323799	 33.7740514645754	 32.9164294692992	 32.9629581971301	 26.7002957629872	 33.4876061072541	 25.0082869746638	 24.6319531433159	 32.4770670392071	 33.3959232685769	 26.466489029226
21:19:44 	 30.6432537108277	 33.992967870227	 33.6805952224624	 23.4980553323799	 33.7740514645754	 32.9164294692992	 32.9629581971301	 26.7002957629872	 33.4876061072541	 25.0082869746638	 24.6319531433159	 32.4770670392071	 33.3959232685769	 26.466489029226
21:19:45 	 33.616920560528	 33.992967870227	 33.6805952224624	 26.9194159610164	 33.7740514645754	 32.9164294692992	 32.9629581971301	 26.7002957629872	 33.4876061072541	 25.0082869746638	 24.6319531433159	 32.4770670392071	 33.3959232685769	 26.466489029226
21:19:46 	 33.616920560528	 33.992967870227	 33.6805952224624	 32.2181419366307	 33.7740514645754	 32.9164294692992	 32.9629581971301	 26.7002957629872	 33.4876061072541	 25.0082869746638	 24.6319531433159	 32.4770670392071	 33.3959232685769	 26.466489029226
21:19:47 	 33.616920560528	 33.992967870227	 33.6805952224624	 34.0509067270119	 33.7740514645754	 32.9164294692992	 32.9629581971301	 26.7002957629872	 33.4876061072541	 25.0082869746638	 27.6923818447822	 32.4770670392071	 33.3959232685769	 26.466489029226
21:19:48 	 33.616920560528	 33.992967870227	 33.6805952224624	 34.0509067270119	 33.7740514645754	 32.9164294692992	 32.9629581971301	 26.7002957629872	 33.4876061072541	 25.0082869746638	 34.0643698295707	 32.4770670392071	 33.3959232685769	 26.466489029226
21:19:49 	 33.616920560528	 33.992967870227	 33.6805952224624	 34.0509067270119	 33.7740514645754	 32.9164294692992	 32.9629581971301	 26.7002957629872	 33.4876061072541	 27.9372784193085	 37.9950755845651	 32.4770670392071	 33.3959232685769	 23.9674120203277
21:19:50 	 33.616920560528	 33.992967870227	 33.6805952224624	 34.0509067270119	 33.7740514645754	 32.9164294692992	 32.9629581971301	 23.9529531710537	 33.4876061072541	 32.323692978652	 37.9950755845651	 32.4770670392071	 33.3959232685769	 23.9674120203277
21:19:51 	 33.616920560528	 33.992967870227	 33.6805952224624	 34.0509067270119	 33.7740514645754	 32.9164294692992	 32.9629581971301	 22.5670776973507	 33.4876061072541	 35.3488127341672	 37.9950755845651	 32.4770670392071	 31.0818569233248	 23.9674120203277
21:19:52 	 33.616920560528	 33.992967870227	 33.6805952224624	 34.0509067270119	 31.1423392593729	 32.9164294692992	 32.9629581971301	 29.5726858072988	 33.4876061072541	 35.3488127341672	 37.9950755845651	 32.4770670392071	 31.0818569233248	 23.9674120203277
21:19:53 	 33.616920560528	 33.992967870227	 33.6805952224624	 34.0509067270119	 31.1423392593729	 32.9164294692992	 29.9351106196302	 32.3439637866464	 33.4876061072541	 35.3488127341672	 37.9950755845651	 32.4770670392071	 31.0818569233248	 27.4889785842169
21:19:54 	 33.616920560528	 33.992967870227	 33.6805952224624	 34.0509067270119	 31.1423392593729	 32.9164294692992	 29.9351106196302	 32.3439637866464	 33.4876061072541	 33.0903927287541	 37.9950755845651	 32.4770670392071	 31.0818569233248	 34.05468407147
21:19:55 	 33.616920560528	 33.992967870227	 31.8072488598084	 34.0509067270119	 31.1423392593729	 32.9164294692992	 33.0810053900814	 32.3439637866464	 33.4876061072541	 33.0903927287541	 37.9950755845651	 32.4770670392071	 31.0818569233248	 37.9706806008219
21:19:56 	 33.616920560528	 33.992967870227	 31.8072488598084	 34.0509067270119	 31.1423392593729	 32.9164294692992	 38.8205347867261	 32.3439637866464	 33.4876061072541	 28.8636800229166	 37.9950755845651	 32.4770670392071	 31.0818569233248	 37.9706806008219
21:19:57 	 33.616920560528	 33.992967870227	 31.8072488598084	 34.0509067270119	 31.1423392593729	 32.9164294692992	 42.1598100062724	 32.3439637866464	 33.4876061072541	 31.9448832248734	 37.9950755845651	 32.4770670392071	 31.0818569233248	 37.9706806008219
21:19:58 	 33.616920560528	 33.992967870227	 31.8072488598084	 34.0509067270119	 31.1423392593729	 32.9164294692992	 39.6090527936243	 32.3439637866464	 33.4876061072541	 36.8744747285751	 37.9950755845651	 32.4770670392071	 31.0818569233248	 37.9706806008219
21:19:59 	 33.616920560528	 33.992967870227	 31.8072488598084	 34.0509067270119	 31.1423392593729	 32.9164294692992	 39.6090527936243	 32.3439637866464	 33.4876061072541	 39.3305782710353	 37.9950755845651	 32.4770670392071	 32.0351192117701	 37.9706806008219
21:20:00 	 33.616920560528	 33.992967870227	 31.8072488598084	 34.0509067270119	 31.1423392593729	 32.9164294692992	 39.6090527936243	 32.3439637866464	 33.4876061072541	 39.3305782710353	 35.0263511620178	 32.4770670392071	 37.808550421469	 37.9706806008219
21:20:01 	 33.616920560528	 33.992967870227	 31.8072488598084	 34.0509067270119	 33.4372192553959	 32.9164294692992	 39.6090527936243	 32.3439637866464	 33.4876061072541	 39.3305782710353	 35.0263511620178	 32.4770670392071	 40.8685516327342	 37.9706806008219
21:20:02 	 33.616920560528	 33.992967870227	 31.8072488598084	 34.0509067270119	 39.1109091374067	 32.9164294692992	 39.6090527936243	 32.3439637866464	 33.4876061072541	 39.3305782710353	 35.0263511620178	 32.4770670392071	 40.8685516327342	 37.9706806008219
21:20:03 	 33.616920560528	 33.992967870227	 31.8072488598084	 34.0509067270119	 39.1109091374067	 30.5825287667892	 39.6090527936243	 34.51780894564	 33.4876061072541	 39.3305782710353	 35.0263511620178	 32.4770670392071	 40.8685516327342	 37.9706806008219
21:20:04 	 33.616920560528	 33.992967870227	 31.8072488598084	 34.0509067270119	 39.1109091374067	 30.5825287667892	 39.6090527936243	 40.7624414138136	 33.4876061072541	 39.3305782710353	 35.0263511620178	 32.4770670392071	 40.8685516327342	 37.9706806008219
21:20:05 	 33.616920560528	 33.992967870227	 31.8072488598084	 34.0509067270119	 39.1109091374067	 33.9620965228731	 39.6090527936243	 44.2885702249945	 33.4876061072541	 39.3305782710353	 35.0263511620178	 32.4770670392071	 38.0208408503696	 34.5870291850024
21:20:06 	 33.616920560528	 33.992967870227	 31.8072488598084	 34.0509067270119	 39.1109091374067	 41.4912938843892	 39.6090527936243	 44.2885702249945	 33.4876061072541	 39.3305782710353	 35.0263511620178	 32.4770670392071	 38.0208408503696	 34.5870291850024
21:20:07 	 33.616920560528	 33.992967870227	 35.1012890090235	 34.0509067270119	 39.1109091374067	 44.5331243556592	 39.6090527936243	 44.2885702249945	 33.4876061072541	 39.3305782710353	 35.0263511620178	 32.4770670392071	 38.0208408503696	 34.5870291850024
21:20:08 	 33.616920560528	 33.992967870227	 42.6377698601308	 34.0509067270119	 39.1109091374067	 44.5331243556592	 39.6090527936243	 44.2885702249945	 33.4876061072541	 39.3305782710353	 32.2044758387219	 32.4770670392071	 38.0208408503696	 31.4399021965542
21:20:09 	 31.5657801421316	 33.992967870227	 46.4771142049717	 34.0509067270119	 39.1109091374067	 41.4209991450769	 39.6090527936243	 44.2885702249945	 33.4876061072541	 39.3305782710353	 32.2044758387219	 32.4770670392071	 35.9155326226318	 34.7996398893249
21:20:10 	 27.6429650180544	 33.992967870227	 46.4771142049717	 34.0509067270119	 39.1109091374067	 41.4209991450769	 39.6090527936243	 44.2885702249945	 33.4876061072541	 39.3305782710353	 32.2044758387219	 32.4770670392071	 35.9155326226318	 39.7146603500355
21:20:11 	 26.8543307080627	 33.992967870227	 46.4771142049717	 34.0509067270119	 39.1109091374067	 41.4209991450769	 39.6090527936243	 44.2885702249945	 33.4876061072541	 39.3305782710353	 32.2044758387219	 32.4770670392071	 35.9155326226318	 42.0129054592896
21:20:12 	 34.2907207005915	 33.992967870227	 46.4771142049717	 34.0509067270119	 39.1109091374067	 38.7616387044894	 39.6090527936243	 44.2885702249945	 33.4876061072541	 39.3305782710353	 32.2044758387219	 32.4770670392071	 35.9155326226318	 42.0129054592896
21:20:13 	 37.4957962696366	 33.992967870227	 42.9915972369482	 34.0509067270119	 39.1109091374067	 38.7616387044894	 39.6090527936243	 44.2885702249945	 33.4876061072541	 39.3305782710353	 32.2044758387219	 36.3925897740684	 35.9155326226318	 42.0129054592896
21:20:14 	 37.4957962696366	 33.992967870227	 40.4890002966737	 34.0509067270119	 39.1109091374067	 38.7616387044894	 37.185598183592	 44.2885702249945	 33.4876061072541	 39.3305782710353	 32.2044758387219	 43.6733418878532	 35.9155326226318	 42.0129054592896
21:20:15 	 37.4957962696366	 33.992967870227	 40.4890002966737	 34.0509067270119	 39.1109091374067	 38.7616387044894	 37.185598183592	 44.2885702249945	 33.4876061072541	 39.3305782710353	 33.8627909043389	 43.7260065601718	 35.9155326226318	 42.0129054592896
21:20:16 	 37.4957962696366	 33.992967870227	 40.4890002966737	 34.0509067270119	 39.1109091374067	 38.7616387044894	 37.185598183592	 44.2885702249945	 33.4876061072541	 39.3305782710353	 35.5239217851874	 43.7260065601718	 35.9155326226318	 42.0129054592896
21:20:17 	 37.4957962696366	 33.992967870227	 40.4890002966737	 36.2650118432141	 39.1109091374067	 38.7616387044894	 37.185598183592	 44.2885702249945	 33.4876061072541	 39.3305782710353	 39.0584761463021	 43.7260065601718	 35.9155326226318	 42.0129054592896
21:20:18 	 37.4957962696366	 33.992967870227	 40.4890002966737	 42.3235716867644	 39.1109091374067	 38.7616387044894	 37.185598183592	 44.2885702249945	 33.4876061072541	 39.3305782710353	 39.0584761463021	 43.7260065601718	 35.9155326226318	 42.0129054592896
21:20:19 	 37.4957962696366	 33.992967870227	 40.4890002966737	 45.1811439160029	 39.1109091374067	 38.7616387044894	 37.185598183592	 44.2885702249945	 35.9072399976976	 39.3305782710353	 39.0584761463021	 43.7260065601718	 35.9155326226318	 42.0129054592896
21:20:20 	 37.4957962696366	 33.992967870227	 40.4890002966737	 45.1811439160029	 39.1109091374067	 38.7616387044894	 37.185598183592	 44.2885702249945	 37.3048441111866	 39.3305782710353	 39.0584761463021	 42.0491846657191	 35.9155326226318	 42.0129054592896
21:20:21 	 37.4957962696366	 36.6137030909596	 40.4890002966737	 42.8756632969721	 39.1109091374067	 38.7616387044894	 37.185598183592	 44.2885702249945	 40.3196604780963	 35.6883108370721	 39.0584761463021	 42.0491846657191	 32.6258832381825	 42.0129054592896
21:20:22 	 37.4957962696366	 41.7287679996063	 40.4890002966737	 42.8756632969721	 39.1109091374067	 38.7616387044894	 37.185598183592	 44.2885702249945	 37.4024557006274	 35.6883108370721	 39.0584761463021	 42.0491846657191	 32.6258832381825	 42.0129054592896
21:20:23 	 37.4957962696366	 43.8762743037581	 40.4890002966737	 42.8756632969721	 39.1109091374067	 38.7616387044894	 37.185598183592	 44.2885702249945	 37.4024557006274	 35.6883108370721	 39.0584761463021	 42.0491846657191	 34.6294221008045	 42.0129054592896
21:20:24 	 37.4957962696366	 43.8762743037581	 40.4890002966737	 42.8756632969721	 39.1109091374067	 38.7616387044894	 37.185598183592	 44.2885702249945	 37.4024557006274	 35.6883108370721	 39.0584761463021	 42.0491846657191	 39.4030731687142	 42.0129054592896
21:20:25 	 37.4957962696366	 41.1257457675216	 40.4890002966737	 42.8756632969721	 39.1109091374067	 38.7616387044894	 37.185598183592	 44.2885702249945	 35.1033964030144	 34.2895987008768	 39.0584761463021	 42.0491846657191	 42.8526489831506	 42.0129054592896
21:20:26 	 37.4957962696366	 41.1257457675216	 40.4890002966737	 42.8756632969721	 36.6839064408333	 38.7616387044894	 37.185598183592	 44.2885702249945	 35.1033964030144	 38.0961125125878	 39.0584761463021	 42.0491846657191	 42.8526489831506	 42.0129054592896
21:20:27 	 35.0604439362884	 41.1257457675216	 38.3520639007553	 38.5246363705509	 36.6839064408333	 38.7616387044894	 37.185598183592	 40.6187611546034	 35.1033964030144	 44.0033603265415	 39.0584761463021	 42.0491846657191	 42.8526489831506	 42.0129054592896
21:20:28 	 33.138184831543	 41.1257457675216	 38.3520639007553	 38.5246363705509	 36.6839064408333	 38.7616387044894	 37.185598183592	 38.1105851231095	 39.1428662979448	 44.0033603265415	 34.708065800751	 42.0491846657191	 42.8526489831506	 42.0129054592896
21:20:29 	 36.5481287633647	 39.0034528740669	 38.3520639007553	 33.9159851825671	 36.6839064408333	 38.7616387044894	 35.3553670311664	 38.1105851231095	 42.9836851061147	 44.0033603265415	 34.708065800751	 42.0491846657191	 42.8526489831506	 42.0129054592896
21:20:30 	 38.6193189461763	 39.0034528740669	 38.3520639007553	 33.9159851825671	 36.6839064408333	 38.7616387044894	 35.3553670311664	 38.1105851231095	 42.9836851061147	 44.0033603265415	 34.708065800751	 42.0491846657191	 42.8526489831506	 42.0129054592896
21:20:31 	 38.9874687884976	 39.0034528740669	 38.3520639007553	 36.5214495325139	 36.6839064408333	 38.7616387044894	 35.3553670311664	 38.1105851231095	 42.9836851061147	 44.0033603265415	 34.708065800751	 39.2019179007881	 42.8526489831506	 42.0129054592896
21:20:32 	 38.9874687884976	 36.3686974418329	 38.3520639007553	 42.5769015852375	 36.6839064408333	 38.7616387044894	 35.3553670311664	 31.4181804872114	 39.8753828524622	 44.0033603265415	 34.708065800751	 36.8213020739076	 42.8526489831506	 42.0129054592896
21:20:33 	 38.9874687884976	 36.3686974418329	 38.3520639007553	 45.3528575284512	 36.6839064408333	 38.7616387044894	 35.3553670311664	 33.836593199677	 39.8753828524622	 44.0033603265415	 34.708065800751	 36.8213020739076	 40.1567160817241	 42.0129054592896
21:20:34 	 38.9874687884976	 36.3686974418329	 38.3520639007553	 45.3528575284512	 36.6839064408333	 38.7616387044894	 32.068651783878	 41.0008008986726	 39.8753828524622	 44.0033603265415	 31.6620536392532	 33.1170508984099	 40.1567160817241	 42.0129054592896
21:20:35 	 38.9874687884976	 36.3686974418329	 38.3520639007553	 45.3528575284512	 36.6839064408333	 38.7616387044894	 32.068651783878	 42.7992283170126	 39.8753828524622	 44.0033603265415	 28.0448854817588	 30.4082079913983	 40.1567160817241	 42.0129054592896
21:20:36 	 38.9874687884976	 36.3686974418329	 38.3520639007553	 42.3902174185372	 36.6839064408333	 35.05900280876	 29.2449144524256	 42.7992283170126	 36.5841065764913	 44.0033603265415	 33.4984852324971	 30.4082079913983	 40.1567160817241	 42.0129054592896
21:20:37 	 38.9874687884976	 36.3686974418329	 38.3520639007553	 42.3902174185372	 36.6839064408333	 35.05900280876	 29.2449144524256	 42.7992283170126	 36.5841065764913	 44.0033603265415	 40.5504609409573	 30.4082079913983	 40.1567160817241	 42.0129054592896
21:20:38 	 38.9874687884976	 36.3686974418329	 35.0994916225593	 42.3902174185372	 36.6839064408333	 35.05900280876	 36.5746593708229	 42.7992283170126	 36.5841065764913	 44.0033603265415	 40.5504609409573	 30.4082079913983	 40.1567160817241	 42.0129054592896
21:20:39 	 38.9874687884976	 36.3686974418329	 35.0994916225593	 42.3902174185372	 36.6839064408333	 35.05900280876	 42.1359421411507	 42.7992283170126	 36.5841065764913	 44.0033603265415	 40.5504609409573	 25.7420014506308	 40.1567160817241	 42.0129054592896
21:20:40 	 38.9874687884976	 36.3686974418329	 35.0994916225593	 38.6157741833207	 36.6839064408333	 32.1083273993284	 42.1359421411507	 42.7992283170126	 36.5841065764913	 44.0033603265415	 38.1581069869817	 30.0568821796934	 40.1567160817241	 39.2647929274414
21:20:41 	 38.9874687884976	 36.3686974418329	 35.0994916225593	 36.2754801261161	 36.6839064408333	 32.1083273993284	 37.0006515431607	 42.7992283170126	 36.5841065764913	 44.0033603265415	 38.1581069869817	 36.0233540226505	 40.1567160817241	 39.2647929274414
21:20:42 	 38.9874687884976	 36.3686974418329	 35.0994916225593	 36.2754801261161	 36.6839064408333	 35.9507235338642	 37.0006515431607	 42.7992283170126	 36.5841065764913	 44.0033603265415	 38.1581069869817	 36.0233540226505	 40.1567160817241	 39.2647929274414
21:20:43 	 38.9874687884976	 32.8619454059542	 35.0994916225593	 36.2754801261161	 36.6839064408333	 40.0723669793437	 37.0006515431607	 42.7992283170126	 36.5841065764913	 44.0033603265415	 38.1581069869817	 34.4364688888017	 40.1567160817241	 39.2647929274414
21:20:44 	 38.9874687884976	 40.1922512222038	 35.0994916225593	 36.2754801261161	 33.0357404724414	 37.3521834121623	 37.0006515431607	 42.7992283170126	 36.5841065764913	 44.0033603265415	 38.1581069869817	 34.4364688888017	 40.1567160817241	 36.538868146185
21:20:45 	 38.9874687884976	 43.9530919125543	 35.0994916225593	 36.2754801261161	 33.0357404724414	 37.3521834121623	 37.0006515431607	 42.7992283170126	 36.5841065764913	 44.0033603265415	 38.1581069869817	 34.4364688888017	 40.1567160817241	 36.538868146185
21:20:46 	 38.9874687884976	 43.9530919125543	 35.0994916225593	 36.2754801261161	 35.9730448243151	 37.3521834121623	 37.0006515431607	 42.7992283170126	 36.5841065764913	 44.0033603265415	 38.1581069869817	 34.4364688888017	 40.1567160817241	 36.538868146185
21:20:47 	 38.9874687884976	 43.9530919125543	 35.0994916225593	 36.2754801261161	 39.0689305553874	 37.3521834121623	 37.0006515431607	 42.7992283170126	 36.5841065764913	 44.0033603265415	 38.1581069869817	 34.4364688888017	 40.1567160817241	 36.538868146185
21:20:48 	 38.9874687884976	 43.9530919125543	 35.0994916225593	 33.119960929507	 39.0689305553874	 37.3521834121623	 33.7603097893308	 42.7992283170126	 36.5841065764913	 44.0033603265415	 38.1581069869817	 42.4223931318628	 40.1567160817241	 36.538868146185
21:20:49 	 38.9874687884976	 43.9530919125543	 35.0994916225593	 33.119960929507	 39.0689305553874	 37.3521834121623	 33.7603097893308	 42.7992283170126	 36.5841065764913	 44.0033603265415	 38.1581069869817	 49.1875056647802	 40.1567160817241	 36.538868146185
21:20:50 	 38.9874687884976	 41.5488784198944	 35.0994916225593	 33.119960929507	 39.0689305553874	 37.3521834121623	 38.8621423075128	 42.7992283170126	 36.5841065764913	 44.0033603265415	 38.1581069869817	 49.1875056647802	 40.1567160817241	 33.8063023430833
21:20:51 	 36.0749275972485	 37.4990716310749	 32.980152303214	 33.119960929507	 39.0689305553874	 37.3521834121623	 43.46901084795	 42.7992283170126	 36.5841065764913	 44.0033603265415	 38.1581069869817	 49.1875056647802	 40.1567160817241	 33.8063023430833
21:20:52 	 36.0749275972485	 37.4990716310749	 32.980152303214	 39.3036612445937	 39.0689305553874	 37.3521834121623	 43.46901084795	 42.7992283170126	 36.5841065764913	 44.0033603265415	 38.1581069869817	 49.1875056647802	 38.0851639421546	 33.8063023430833
21:20:53 	 36.0749275972485	 37.4990716310749	 29.9102915739076	 46.8700137602805	 39.0689305553874	 34.6816725510819	 43.46901084795	 42.7992283170126	 36.5841065764913	 44.0033603265415	 38.1581069869817	 49.1875056647802	 38.0851639421546	 33.8063023430833
21:20:54 	 36.0749275972485	 37.4990716310749	 36.0628070920175	 46.8700137602805	 39.0689305553874	 34.6816725510819	 40.245574409428	 42.7992283170126	 36.5841065764913	 44.0033603265415	 38.1581069869817	 49.1875056647802	 38.0851639421546	 33.8063023430833
21:20:55 	 36.0749275972485	 37.4990716310749	 42.4536819108987	 46.8700137602805	 39.0689305553874	 34.6816725510819	 38.4028325873455	 42.7992283170126	 36.5841065764913	 44.0033603265415	 38.1581069869817	 46.2542360629499	 38.0851639421546	 29.440855627644
21:20:56 	 36.0749275972485	 37.4990716310749	 42.4536819108987	 46.8700137602805	 39.0689305553874	 34.6816725510819	 38.4028325873455	 42.7992283170126	 36.5841065764913	 44.0033603265415	 38.1581069869817	 46.2542360629499	 38.0851639421546	 32.3763286976029
21:20:57 	 36.0749275972485	 37.4990716310749	 42.4536819108987	 46.8700137602805	 39.0689305553874	 34.6816725510819	 34.8244281339866	 42.7992283170126	 36.5841065764913	 44.0033603265415	 38.1581069869817	 46.2542360629499	 38.0851639421546	 37.3025807698503
21:20:58 	 36.0749275972485	 37.4990716310749	 42.4536819108987	 46.8700137602805	 39.0689305553874	 39.2067591800002	 34.8244281339866	 42.7992283170126	 36.5841065764913	 44.0033603265415	 38.1581069869817	 43.8518419845716	 38.0851639421546	 37.3025807698503
21:20:59 	 36.0749275972485	 34.9988962744999	 42.4536819108987	 45.0372489698993	 39.0689305553874	 43.7514610918255	 34.8244281339866	 42.7992283170126	 36.5841065764913	 44.0033603265415	 38.1581069869817	 43.8518419845716	 38.0851639421546	 37.3025807698503
21:21:00 	 36.0749275972485	 32.0735850621715	 42.4536819108987	 41.6158883412628	 39.0689305553874	 43.7514610918255	 38.8859867378315	 42.7992283170126	 36.5841065764913	 44.0033603265415	 38.1581069869817	 43.8518419845716	 38.0851639421546	 37.3025807698503
21:21:01 	 36.0749275972485	 29.9914492114234	 42.4536819108987	 41.6158883412628	 39.0689305553874	 43.7514610918255	 44.0707063588879	 42.7992283170126	 33.4878224261503	 44.0033603265415	 38.1581069869817	 43.8518419845716	 38.0851639421546	 37.3025807698503
21:21:02 	 36.0749275972485	 36.1173429759954	 42.4536819108987	 41.6158883412628	 39.0689305553874	 43.7514610918255	 44.0707063588879	 39.0608593432425	 30.4810069515472	 44.0033603265415	 34.082305654002	 43.8518419845716	 38.0851639421546	 37.3025807698503
21:21:03 	 36.0749275972485	 39.4335913708791	 42.4536819108987	 41.6158883412628	 39.0689305553874	 43.7514610918255	 44.0707063588879	 35.7936202070645	 26.5493093376477	 41.0743688818968	 34.082305654002	 43.8518419845716	 38.0851639421546	 37.3025807698503
21:21:04 	 36.0749275972485	 42.3988979977806	 42.4536819108987	 41.6158883412628	 35.2493300505019	 43.7514610918255	 44.0707063588879	 35.7936202070645	 30.089048448705	 41.0743688818968	 34.082305654002	 43.8518419845716	 38.0851639421546	 37.3025807698503
21:21:05 	 36.0749275972485	 42.3988979977806	 40.4185297303898	 41.6158883412628	 35.2493300505019	 43.7514610918255	 44.0707063588879	 35.7936202070645	 36.4610028251839	 41.0743688818968	 34.082305654002	 43.8518419845716	 38.0851639421546	 37.3025807698503
21:21:06 	 36.0749275972485	 42.3988979977806	 40.4185297303898	 41.6158883412628	 35.2493300505019	 43.7514610918255	 40.7314311393416	 35.7936202070645	 39.21710963929	 41.0743688818968	 36.6445173091165	 43.8518419845716	 38.0851639421546	 37.3025807698503
21:21:07 	 36.0749275972485	 42.3988979977806	 40.4185297303898	 41.6158883412628	 35.2493300505019	 43.7514610918255	 40.7314311393416	 35.7936202070645	 39.21710963929	 41.0743688818968	 42.9828892819448	 43.8518419845716	 38.0851639421546	 34.7606020239219
21:21:08 	 38.9291890269198	 42.3988979977806	 40.4185297303898	 41.6158883412628	 32.7353629916483	 43.7514610918255	 40.7314311393416	 32.3244863559831	 39.21710963929	 41.0743688818968	 45.0943189276136	 41.0982951903284	 38.0851639421546	 34.7606020239219
21:21:09 	 43.7150947579743	 42.3988979977806	 40.4185297303898	 41.6158883412628	 32.7353629916483	 43.7514610918255	 40.7314311393416	 32.3244863559831	 39.21710963929	 41.0743688818968	 42.644016306386	 41.0982951903284	 38.0851639421546	 34.7606020239219
21:21:10 	 45.2777165118173	 42.3988979977806	 36.8129548438406	 41.6158883412628	 32.7353629916483	 43.7514610918255	 40.7314311393416	 32.0834276838126	 39.21710963929	 41.0743688818968	 42.644016306386	 41.0982951903284	 38.0851639421546	 32.4623569146678
21:21:11 	 45.2777165118173	 42.3988979977806	 36.8129548438406	 41.6158883412628	 32.7353629916483	 43.7514610918255	 40.7314311393416	 38.0764646571044	 39.21710963929	 41.0743688818968	 42.644016306386	 41.0982951903284	 34.7072224088085	 32.4623569146678
21:21:12 	 45.2777165118173	 42.3988979977806	 36.8129548438406	 41.6158883412628	 35.707371099551	 43.7514610918255	 40.7314311393416	 41.4654076804621	 39.21710963929	 38.3978093056073	 42.644016306386	 41.0982951903284	 34.7072224088085	 28.9407903507786
21:21:13 	 45.2777165118173	 42.3988979977806	 36.8129548438406	 41.6158883412628	 42.2630900501169	 43.7514610918255	 40.7314311393416	 41.4654076804621	 39.21710963929	 38.3978093056073	 42.644016306386	 38.7226463832127	 30.6187242630945	 28.9407903507786
21:21:14 	 45.2777165118173	 42.3988979977806	 36.8129548438406	 41.6158883412628	 45.6847175580863	 43.7514610918255	 40.7314311393416	 41.4654076804621	 39.21710963929	 35.3851972106	 42.644016306386	 38.7226463832127	 30.6187242630945	 30.903527138541
21:21:15 	 45.2777165118173	 42.3988979977806	 32.850582949794	 38.8532601836618	 43.8143355569491	 43.7514610918255	 40.7314311393416	 41.4654076804621	 37.1849557445932	 35.3851972106	 42.644016306386	 38.7226463832127	 28.5114487365932	 37.2143014579588
21:21:16 	 45.2777165118173	 42.3988979977806	 29.7188477545017	 38.8532601836618	 43.8143355569491	 43.7514610918255	 40.7314311393416	 41.4654076804621	 37.1849557445932	 32.7306575363105	 42.644016306386	 38.7226463832127	 31.7645370538647	 40.1034264886295
21:21:17 	 45.2777165118173	 42.3988979977806	 26.4764536216819	 38.8532601836618	 43.8143355569491	 40.4303926441294	 40.7314311393416	 38.6941297011145	 37.1849557445932	 29.3240910983607	 42.644016306386	 38.7226463832127	 37.2495369492262	 40.1034264886295
21:21:18 	 38.7281738622416	 42.3988979977806	 29.9550717303563	 38.8532601836618	 40.4855457662609	 40.4303926441294	 40.7314311393416	 38.6941297011145	 37.1849557445932	 29.3240910983607	 42.644016306386	 38.7226463832127	 40.0592267975394	 40.1034264886295
21:21:19 	 38.7281738622416	 42.3988979977806	 33.3993592775994	 35.5261588775848	 40.4855457662609	 36.5502978416447	 40.7314311393416	 38.6941297011145	 37.1849557445932	 27.0490392689485	 42.644016306386	 38.7226463832127	 40.0592267975394	 36.5681536445989
21:21:20 	 38.7281738622416	 42.3988979977806	 36.3142975055041	 35.5261588775848	 40.4855457662609	 36.5502978416447	 40.7314311393416	 38.6941297011145	 37.1849557445932	 29.9922472147605	 42.644016306386	 38.7226463832127	 40.0592267975394	 36.5681536445989
21:21:21 	 38.7281738622416	 42.3988979977806	 36.3142975055041	 35.5261588775848	 40.4855457662609	 36.5502978416447	 40.7314311393416	 38.6941297011145	 37.1849557445932	 33.1715688120075	 42.644016306386	 38.7226463832127	 40.0592267975394	 36.5681536445989
21:21:22 	 38.7281738622416	 38.7539117660962	 33.08872767193	 32.6685866483463	 32.9151359944526	 36.5502978416447	 40.7314311393416	 38.6941297011145	 37.1849557445932	 39.6036537925045	 42.644016306386	 38.7226463832127	 40.0592267975394	 36.5681536445989
21:21:23 	 36.5182246071711	 38.7539117660962	 33.08872767193	 32.6685866483463	 32.9151359944526	 36.5502978416447	 40.7314311393416	 38.6941297011145	 37.1849557445932	 43.1336910421369	 42.644016306386	 38.7226463832127	 40.0592267975394	 36.5681536445989
21:21:24 	 36.5182246071711	 36.1331765453637	 35.5924777032988	 32.6685866483463	 32.9151359944526	 36.5502978416447	 37.5855363688903	 38.6941297011145	 34.5670074143276	 40.2615966682713	 42.644016306386	 38.7226463832127	 36.4714192538612	 36.5681536445989
21:21:25 	 36.5182246071711	 32.5982509009048	 40.7502793801631	 32.6685866483463	 32.9151359944526	 36.5502978416447	 37.5855363688903	 38.6941297011145	 34.5670074143276	 40.2615966682713	 42.644016306386	 38.7226463832127	 36.4714192538612	 36.5681536445989
21:21:26 	 36.5182246071711	 32.5982509009048	 43.8743695421429	 32.3773728766438	 32.9151359944526	 36.5502978416447	 37.5855363688903	 38.6941297011145	 34.5670074143276	 40.2615966682713	 42.644016306386	 38.7226463832127	 34.0759295775084	 30.5912766965921
21:21:27 	 36.5182246071711	 32.5982509009048	 43.8743695421429	 37.3929826998064	 32.9151359944526	 34.1149167823982	 37.5855363688903	 36.5202845421209	 34.5670074143276	 40.2615966682713	 42.644016306386	 38.7226463832127	 31.7564727841429	 30.5912766965921
21:21:28 	 36.5182246071711	 32.5982509009048	 43.8743695421429	 40.2756845691419	 32.9151359944526	 34.1149167823982	 37.5855363688903	 36.5202845421209	 34.5670074143276	 40.2615966682713	 42.644016306386	 38.7226463832127	 27.509497749763	 33.4852270392699
21:21:29 	 36.5182246071711	 32.5982509009048	 43.8743695421429	 40.2756845691419	 32.9151359944526	 34.1149167823982	 37.5855363688903	 36.5202845421209	 34.5670074143276	 40.2615966682713	 42.644016306386	 38.7226463832127	 27.509497749763	 39.5805288319222
21:21:30 	 36.5182246071711	 32.5982509009048	 43.8743695421429	 40.2756845691419	 32.9151359944526	 34.1149167823982	 37.5855363688903	 36.5202845421209	 34.5670074143276	 40.2615966682713	 42.644016306386	 38.7226463832127	 30.3553484640926	 43.546928180045
21:21:31 	 33.1082806753494	 32.5982509009048	 43.8743695421429	 40.2756845691419	 32.9151359944526	 34.1149167823982	 37.5855363688903	 32.99415573094	 34.5670074143276	 40.2615966682713	 42.644016306386	 38.7226463832127	 36.6631537300274	 43.546928180045
21:21:32 	 29.6811785969386	 32.5982509009048	 43.8743695421429	 40.2756845691419	 36.2659306592421	 29.9067878685782	 37.5855363688903	 32.99415573094	 31.190583589232	 40.2615966682713	 42.644016306386	 38.7226463832127	 39.8927885925654	 43.546928180045
21:21:33 	 26.8806616573033	 32.5982509009048	 43.8743695421429	 40.2756845691419	 42.2944844124103	 28.0473410778173	 37.5855363688903	 32.99415573094	 31.190583589232	 40.2615966682713	 42.644016306386	 38.7226463832127	 39.8927885925654	 43.546928180045
21:21:34 	 27.2970799391699	 32.5982509009048	 43.8743695421429	 40.2756845691419	 45.1742363135692	 28.0473410778173	 37.5855363688903	 32.99415573094	 31.190583589232	 40.2615966682713	 39.5835876049196	 38.7226463832127	 37.5633189557407	 43.546928180045
21:21:35 	 34.8404678161661	 32.5982509009048	 43.8743695421429	 38.0615794529397	 45.1742363135692	 28.0473410778173	 37.5855363688903	 32.99415573094	 28.1570994068936	 40.2615966682713	 39.5835876049196	 38.7226463832127	 37.5633189557407	 43.546928180045
21:21:36 	 37.6173302142615	 32.5982509009048	 43.8743695421429	 35.2856235097261	 45.1742363135692	 31.18100314213	 37.5855363688903	 32.99415573094	 28.1570994068936	 40.2615966682713	 39.5835876049196	 38.7226463832127	 37.5633189557407	 43.546928180045
21:21:37 	 37.6173302142615	 32.5982509009048	 43.8743695421429	 35.2856235097261	 45.1742363135692	 37.4989319689438	 37.5855363688903	 32.99415573094	 25.9171689875221	 40.2615966682713	 39.5835876049196	 36.2286641966444	 37.5633189557407	 43.546928180045
21:21:38 	 37.6173302142615	 32.5982509009048	 43.8743695421429	 35.2856235097261	 45.1742363135692	 40.9341253951082	 37.5855363688903	 27.8148167611458	 25.9171689875221	 40.2615966682713	 37.2874009531109	 36.2286641966444	 34.8883662231571	 43.546928180045
21:21:39 	 34.7276327611028	 32.5982509009048	 43.8743695421429	 35.2856235097261	 45.1742363135692	 40.9341253951082	 37.5855363688903	 24.9510958444263	 28.2476300761598	 40.2615966682713	 37.2874009531109	 36.2286641966444	 34.8883662231571	 43.546928180045
21:21:40 	 34.7276327611028	 32.5982509009048	 43.8743695421429	 35.2856235097261	 45.1742363135692	 40.9341253951082	 37.5855363688903	 24.5743506121406	 30.9253651995824	 40.2615966682713	 33.3566951981164	 36.2286641966444	 34.8883662231571	 43.546928180045
21:21:41 	 34.7276327611028	 32.5982509009048	 40.035025197302	 35.2856235097261	 45.1742363135692	 40.9341253951082	 37.5855363688903	 31.2047122176718	 28.5057313091389	 37.1803934663145	 33.3566951981164	 32.6094283176164	 34.8883662231571	 43.546928180045
21:21:42 	 34.7276327611028	 32.5982509009048	 40.035025197302	 35.2856235097261	 42.8793563175463	 40.9341253951082	 37.5855363688903	 34.5575980092314	 31.6277714815089	 37.1803934663145	 33.3566951981164	 32.6094283176164	 34.8883662231571	 43.546928180045
21:21:43 	 34.7276327611028	 32.5982509009048	 40.035025197302	 35.2856235097261	 42.8793563175463	 40.9341253951082	 37.5855363688903	 34.5575980092314	 38.2505344590637	 37.1803934663145	 33.3566951981164	 32.6094283176164	 34.8883662231571	 43.546928180045
21:21:44 	 34.7276327611028	 35.0035708919625	 40.035025197302	 35.2856235097261	 42.8793563175463	 40.9341253951082	 34.7121375134676	 34.5575980092314	 42.4417849163467	 37.1803934663145	 33.3566951981164	 32.6094283176164	 34.8883662231571	 40.5164955368225
21:21:45 	 34.7276327611028	 40.0816111664444	 40.035025197302	 35.2856235097261	 42.8793563175463	 40.9341253951082	 34.7121375134676	 31.5078760144186	 42.4417849163467	 37.1803934663145	 31.2400565290703	 32.6094283176164	 34.8883662231571	 40.5164955368225
21:21:46 	 34.7276327611028	 43.1722715524859	 40.035025197302	 35.2856235097261	 42.8793563175463	 40.9341253951082	 34.7121375134676	 27.3933903102357	 42.4417849163467	 37.1803934663145	 34.376202361758	 27.1916760019116	 31.4387904087207	 40.5164955368225
21:21:47 	 34.7276327611028	 43.1722715524859	 36.4609162402413	 35.2856235097261	 42.8793563175463	 40.9341253951082	 34.7121375134676	 27.3933903102357	 42.4417849163467	 37.1803934663145	 37.4958784056469	 27.1916760019116	 31.4387904087207	 40.5164955368225
21:21:48 	 34.7276327611028	 43.1722715524859	 36.4609162402413	 35.2856235097261	 39.910733887257	 40.9341253951082	 34.7121375134676	 31.0532032917594	 42.4417849163467	 37.1803934663145	 39.3540792779819	 27.1916760019116	 31.4387904087207	 40.5164955368225
21:21:49 	 34.7276327611028	 43.1722715524859	 36.4609162402413	 35.2856235097261	 39.910733887257	 40.9341253951082	 34.7121375134676	 36.0256510011928	 42.4417849163467	 37.1803934663145	 39.3540792779819	 27.1916760019116	 31.4387904087207	 40.5164955368225
21:21:50 	 34.7276327611028	 43.1722715524859	 36.4609162402413	 35.2856235097261	 36.7510110640998	 40.9341253951082	 34.7121375134676	 38.8137018598078	 42.4417849163467	 37.1803934663145	 37.6957642123649	 29.4980268885106	 31.4387904087207	 40.5164955368225
21:21:51 	 34.7276327611028	 43.1722715524859	 36.4609162402413	 35.2856235097261	 36.7510110640998	 40.9341253951082	 34.7121375134676	 38.8137018598078	 42.4417849163467	 37.1803934663145	 37.6957642123649	 31.1828408454767	 31.4387904087207	 40.5164955368225
21:21:52 	 34.7276327611028	 43.1722715524859	 36.4609162402413	 35.2856235097261	 36.7510110640998	 40.9341253951082	 34.7121375134676	 38.8137018598078	 42.4417849163467	 33.3738796546035	 37.6957642123649	 35.0954325578204	 35.0567092902124	 40.5164955368225
21:21:53 	 34.7276327611028	 43.1722715524859	 36.4609162402413	 35.2856235097261	 36.7510110640998	 40.9341253951082	 34.7121375134676	 38.8137018598078	 42.4417849163467	 33.3738796546035	 37.6957642123649	 35.0954325578204	 41.3446622485685	 40.5164955368225
21:21:54 	 34.7276327611028	 39.7813614110156	 36.4609162402413	 35.2856235097261	 36.7510110640998	 40.9341253951082	 34.7121375134676	 38.8137018598078	 42.4417849163467	 37.0380941682489	 37.6957642123649	 35.0954325578204	 45.4561803155301	 36.6004990074706
21:21:55 	 34.7276327611028	 39.7813614110156	 36.4609162402413	 35.2856235097261	 36.7510110640998	 40.9341253951082	 32.8901445153522	 38.8137018598078	 42.4417849163467	 39.4209681279498	 37.6957642123649	 35.0954325578204	 45.4561803155301	 36.6004990074706
21:21:56 	 32.1410740251815	 39.7813614110156	 36.4609162402413	 35.2856235097261	 36.7510110640998	 40.9341253951082	 32.8901445153522	 38.8137018598078	 42.4417849163467	 47.1405940895438	 37.6957642123649	 35.0954325578204	 45.4561803155301	 36.6004990074706
21:21:57 	 32.1410740251815	 39.7813614110156	 36.4609162402413	 35.2856235097261	 36.7510110640998	 40.9341253951082	 39.3741436674079	 38.8137018598078	 42.4417849163467	 47.1405940895438	 37.6957642123649	 35.0954325578204	 45.4561803155301	 36.6004990074706
21:21:58 	 32.1410740251815	 39.7813614110156	 36.4609162402413	 35.2856235097261	 36.7510110640998	 40.9341253951082	 47.1479093872758	 38.8137018598078	 42.4417849163467	 47.1405940895438	 37.6957642123649	 33.3844724124264	 45.4561803155301	 36.6004990074706
21:21:59 	 37.6359420102951	 39.7813614110156	 36.4609162402413	 35.2856235097261	 36.7510110640998	 40.9341253951082	 47.1479093872758	 38.8137018598078	 42.4417849163467	 44.858131416605	 37.6957642123649	 33.3844724124264	 43.4526414529081	 34.3026178019961
21:22:00 	 44.8516654653523	 37.6338551068638	 36.4609162402413	 35.2856235097261	 36.7510110640998	 40.9341253951082	 47.1479093872758	 38.8137018598078	 39.426968549437	 44.858131416605	 37.6957642123649	 30.2318323015055	 43.4526414529081	 34.3026178019961
21:22:01 	 44.8516654653523	 37.6338551068638	 33.3964665125837	 32.7327546899288	 36.7510110640998	 40.9341253951082	 47.1479093872758	 38.8137018598078	 39.426968549437	 44.858131416605	 37.6957642123649	 35.2824874596634	 40.392640241643	 34.3026178019961
21:22:02 	 44.8516654653523	 37.6338551068638	 33.3964665125837	 28.8091745162008	 36.7510110640998	 40.9341253951082	 44.8467226152112	 38.8137018598078	 39.426968549437	 44.858131416605	 37.6957642123649	 40.557502669607	 40.392640241643	 34.3026178019961
21:22:03 	 44.8516654653523	 37.6338551068638	 33.3964665125837	 34.0460659153507	 32.878592613756	 40.9341253951082	 44.8467226152112	 36.3952891473422	 39.426968549437	 44.858131416605	 37.6957642123649	 40.557502669607	 40.392640241643	 34.3026178019961
21:22:04 	 44.8516654653523	 37.6338551068638	 33.3964665125837	 36.5539545340229	 35.911968237296	 40.9341253951082	 44.8467226152112	 36.3952891473422	 39.426968549437	 44.858131416605	 37.6957642123649	 40.557502669607	 40.392640241643	 34.3026178019961
21:22:05 	 44.8516654653523	 34.7883297719277	 33.3964665125837	 36.5539545340229	 43.1711052975333	 37.5545576390242	 44.8467226152112	 36.3952891473422	 39.426968549437	 44.858131416605	 37.6957642123649	 40.557502669607	 40.392640241643	 34.3026178019961
21:22:06 	 44.8516654653523	 34.7883297719277	 33.3964665125837	 36.5539545340229	 46.1780854188833	 37.5545576390242	 44.8467226152112	 36.3952891473422	 39.426968549437	 44.858131416605	 35.1661658428364	 40.557502669607	 40.392640241643	 36.4527964820457
21:22:07 	 44.8516654653523	 34.7883297719277	 33.3964665125837	 36.5539545340229	 46.1780854188833	 34.5127271677542	 44.8467226152112	 36.3952891473422	 39.426968549437	 44.858131416605	 35.1661658428364	 40.557502669607	 40.392640241643	 43.253827696392
21:22:08 	 41.6465898963072	 34.7883297719277	 36.72884109529	 32.9111821920641	 46.1780854188833	 34.5127271677542	 44.8467226152112	 36.3952891473422	 39.426968549437	 44.858131416605	 35.1661658428364	 40.557502669607	 40.392640241643	 46.5534725924081
21:22:09 	 41.6465898963072	 34.7883297719277	 42.0265278703119	 32.9111821920641	 46.1780854188833	 34.5127271677542	 44.8467226152112	 36.3952891473422	 39.426968549437	 44.858131416605	 32.3814230652327	 40.557502669607	 40.392640241643	 46.5534725924081
21:22:10 	 41.6465898963072	 32.4048909904472	 45.0118520943314	 32.9111821920641	 43.4762367007523	 30.4836931750758	 44.8467226152112	 36.3952891473422	 39.426968549437	 44.858131416605	 34.8969621658529	 36.6419799347457	 40.392640241643	 46.5534725924081
21:22:11 	 37.6373019821893	 32.4048909904472	 45.0118520943314	 32.9111821920641	 43.4762367007523	 30.4836931750758	 44.8467226152112	 36.3952891473422	 39.426968549437	 44.858131416605	 36.3152659910861	 32.9804636999889	 40.392640241643	 46.5534725924081
21:22:12 	 37.6373019821893	 29.6303024331224	 45.0118520943314	 32.9111821920641	 43.4762367007523	 31.5322936306135	 42.5033160920223	 36.3952891473422	 39.426968549437	 42.7729391391239	 39.8871943668352	 28.5846976602093	 40.392640241643	 46.5534725924081
21:22:13 	 37.6373019821893	 29.6303024331224	 45.0118520943314	 32.9111821920641	 43.4762367007523	 38.157338283007	 42.5033160920223	 36.3952891473422	 39.426968549437	 42.7729391391239	 39.8871943668352	 28.5846976602093	 40.392640241643	 46.5534725924081
21:22:14 	 37.6373019821893	 29.6303024331224	 45.0118520943314	 32.9111821920641	 43.4762367007523	 42.4341382532246	 42.5033160920223	 36.3952891473422	 35.586149741267	 42.7729391391239	 36.0348337538185	 31.9408677614372	 40.392640241643	 46.5534725924081
21:22:15 	 35.2612717023404	 29.6303024331224	 45.0118520943314	 32.9111821920641	 43.4762367007523	 42.4341382532246	 42.5033160920223	 36.3952891473422	 35.586149741267	 42.7729391391239	 36.0348337538185	 36.6101927827105	 37.948458810558	 46.5534725924081
21:22:16 	 35.2612717023404	 32.3783792543108	 45.0118520943314	 32.9111821920641	 43.4762367007523	 42.4341382532246	 42.5033160920223	 36.3952891473422	 35.586149741267	 42.7729391391239	 36.0348337538185	 40.2579022018584	 37.948458810558	 43.3678070849842
21:22:17 	 35.2612717023404	 36.9541157176206	 45.0118520943314	 32.9111821920641	 43.4762367007523	 42.4341382532246	 39.2234765719557	 36.3952891473422	 35.586149741267	 42.7729391391239	 36.0348337538185	 40.2579022018584	 37.948458810558	 43.3678070849842
21:22:18 	 35.2612717023404	 36.7428669152213	 45.0118520943314	 36.4280815505739	 43.4762367007523	 42.4341382532246	 39.2234765719557	 36.3952891473422	 32.0464106302097	 42.7729391391239	 36.0348337538185	 40.2579022018584	 37.948458810558	 39.4519065843281
21:22:19 	 35.2612717023404	 36.7428669152213	 42.3385692865181	 42.7003631848359	 43.4762367007523	 42.4341382532246	 39.2234765719557	 36.3952891473422	 32.0464106302097	 42.7729391391239	 36.0348337538185	 40.2579022018584	 35.4585285125177	 39.4519065843281
21:22:20 	 35.2612717023404	 36.7428669152213	 42.3385692865181	 45.6217742968403	 43.4762367007523	 42.4341382532246	 39.2234765719557	 36.3952891473422	 34.4455499045256	 42.7729391391239	 36.0348337538185	 40.2579022018584	 35.4585285125177	 36.8662616664402
21:22:21 	 35.2612717023404	 36.7428669152213	 42.3385692865181	 45.6217742968403	 43.4762367007523	 39.8757825324325	 39.2234765719557	 36.3952891473422	 38.8040774754278	 39.1481539981089	 36.0348337538185	 40.2579022018584	 35.4585285125177	 36.8662616664402
21:22:22 	 39.001196604642	 36.7428669152213	 42.3385692865181	 45.6217742968403	 43.4762367007523	 37.6412514365328	 34.9031801853433	 36.3952891473422	 42.3772882687727	 39.1481539981089	 36.0348337538185	 40.2579022018584	 35.4585285125177	 36.8662616664402
21:22:23 	 45.6028703111781	 36.7428669152213	 38.6209772754502	 45.6217742968403	 43.4762367007523	 37.6412514365328	 34.9031801853433	 36.3952891473422	 42.3772882687727	 39.1481539981089	 36.0348337538185	 40.2579022018584	 35.4585285125177	 36.8662616664402
21:22:24 	 49.3846060747508	 36.7428669152213	 38.6209772754502	 45.6217742968403	 43.4762367007523	 37.6412514365328	 36.0756658408601	 36.3952891473422	 42.3772882687727	 36.2049460522969	 30.782991529652	 40.2579022018584	 35.4585285125177	 36.8662616664402
21:22:25 	 49.3846060747508	 36.7428669152213	 38.6209772754502	 45.6217742968403	 43.4762367007523	 37.6412514365328	 39.6415712699694	 33.7465536918669	 42.3772882687727	 36.2049460522969	 30.782991529652	 40.2579022018584	 35.4585285125177	 36.8662616664402
21:22:26 	 46.9747306235452	 36.7428669152213	 38.6209772754502	 45.6217742968403	 43.4762367007523	 37.6412514365328	 43.8428190612989	 33.7465536918669	 42.3772882687727	 36.2049460522969	 30.782991529652	 40.2579022018584	 35.4585285125177	 36.8662616664402
21:22:27 	 44.1204691938739	 36.7428669152213	 38.6209772754502	 42.119191063914	 43.4762367007523	 33.5739660626723	 43.8428190612989	 33.7465536918669	 42.3772882687727	 36.2049460522969	 35.8368071199778	 40.2579022018584	 35.4585285125177	 36.8662616664402
21:22:28 	 41.8642387964442	 36.7428669152213	 38.6209772754502	 38.7880298007284	 40.5042285928496	 31.5876198716391	 43.8428190612989	 33.7465536918669	 42.3772882687727	 36.2049460522969	 38.3487199262382	 40.2579022018584	 35.4585285125177	 36.8662616664402
21:22:29 	 41.8642387964442	 36.7428669152213	 38.6209772754502	 36.1825654507817	 40.5042285928496	 37.8565521072328	 43.8428190612989	 33.7465536918669	 42.3772882687727	 36.2049460522969	 38.3487199262382	 40.2579022018584	 32.6488386642045	 36.8662616664402
21:22:30 	 41.8642387964442	 36.7428669152213	 38.6209772754502	 36.1825654507817	 40.5042285928496	 44.6886376611466	 37.6540497107436	 33.7465536918669	 39.6211814546665	 36.2049460522969	 38.3487199262382	 36.7416356847346	 32.6488386642045	 36.8662616664402
21:22:31 	 41.8642387964442	 36.7428669152213	 38.6209772754502	 36.1825654507817	 40.5042285928496	 44.6886376611466	 37.6540497107436	 33.7465536918669	 39.6211814546665	 36.2049460522969	 38.3487199262382	 36.7416356847346	 37.7718894410642	 36.8662616664402
21:22:32 	 41.8642387964442	 36.7428669152213	 38.6209772754502	 36.1825654507817	 40.5042285928496	 44.6886376611466	 37.6540497107436	 33.7465536918669	 39.6211814546665	 36.2049460522969	 38.3487199262382	 36.7416356847346	 43.0374062469472	 34.5914969026555
21:22:33 	 41.8642387964442	 36.7428669152213	 38.6209772754502	 36.1825654507817	 40.5042285928496	 44.6886376611466	 34.6446011789587	 39.1022345194461	 39.6211814546665	 36.2049460522969	 36.7474807885167	 36.7416356847346	 41.3089508623218	 34.5914969026555
21:22:34 	 41.8642387964442	 33.5283806112023	 38.6209772754502	 36.1825654507817	 40.5042285928496	 44.6886376611466	 34.6446011789587	 43.6645378595931	 36.7941899656806	 36.2049460522969	 36.7474807885167	 36.7416356847346	 41.3089508623218	 34.5914969026555
21:22:35 	 41.8642387964442	 40.6126253257439	 38.6209772754502	 36.1825654507817	 40.5042285928496	 44.6886376611466	 32.2805821709776	 43.6645378595931	 36.7941899656806	 32.5526472033378	 36.7474807885167	 36.7416356847346	 41.3089508623218	 34.5914969026555
21:22:36 	 37.8351512101076	 42.1486580105393	 38.6209772754502	 36.1825654507817	 40.5042285928496	 44.6886376611466	 32.2805821709776	 43.6645378595931	 36.7941899656806	 29.6062877524981	 36.7474807885167	 36.7416356847346	 38.0793159997838	 34.5914969026555
21:22:37 	 37.8351512101076	 42.1486580105393	 38.6209772754502	 36.1825654507817	 40.5042285928496	 42.4551185032562	 32.2805821709776	 43.6645378595931	 36.7941899656806	 35.1922056604149	 34.1852691334021	 36.7416356847346	 38.0793159997838	 34.5914969026555
21:22:38 	 37.8351512101076	 42.1486580105393	 38.6209772754502	 36.1825654507817	 37.0380781249455	 38.6532927268203	 32.2805821709776	 43.6645378595931	 36.7941899656806	 40.98720174826	 34.1852691334021	 36.7416356847346	 38.0793159997838	 34.5914969026555
21:22:39 	 37.8351512101076	 42.1486580105393	 36.0064459275857	 36.1825654507817	 37.0380781249455	 38.6532927268203	 38.0823337171535	 43.6645378595931	 36.7941899656806	 40.98720174826	 34.1852691334021	 36.7416356847346	 38.0793159997838	 34.5914969026555
21:22:40 	 37.8351512101076	 38.2092623357601	 36.0064459275857	 36.1825654507817	 37.0380781249455	 38.6532927268203	 42.2780458217116	 43.6645378595931	 36.7941899656806	 40.98720174826	 34.1852691334021	 36.7416356847346	 38.0793159997838	 34.5914969026555
21:22:41 	 37.8351512101076	 38.2092623357601	 36.0064459275857	 31.8667857994955	 37.0380781249455	 32.9917835153655	 42.2780458217116	 43.6645378595931	 36.7941899656806	 40.98720174826	 34.1852691334021	 36.7416356847346	 38.0793159997838	 41.0798400946622
21:22:42 	 37.8351512101076	 38.2092623357601	 33.091507699681	 31.8667857994955	 37.0380781249455	 32.9917835153655	 42.2780458217116	 43.6645378595931	 36.7941899656806	 37.2796412226206	 34.1852691334021	 36.7416356847346	 38.0793159997838	 48.1512902007279
21:22:43 	 37.8351512101076	 38.2092623357601	 29.9674175377012	 39.4014106768304	 37.0380781249455	 32.9917835153655	 42.2780458217116	 43.6645378595931	 36.7941899656806	 37.2796412226206	 34.1852691334021	 36.7416356847346	 38.0793159997838	 48.1512902007279
21:22:44 	 37.8351512101076	 38.2092623357601	 29.9674175377012	 45.7914669366967	 37.0380781249455	 32.9917835153655	 42.2780458217116	 43.6645378595931	 36.7941899656806	 37.2796412226206	 34.1852691334021	 36.7416356847346	 38.0793159997838	 48.1512902007279
21:22:45 	 37.8351512101076	 38.2092623357601	 37.4781922307649	 45.7914669366967	 29.1900372137162	 32.9917835153655	 42.2780458217116	 43.6645378595931	 36.7941899656806	 34.6440487931514	 34.1852691334021	 36.7416356847346	 38.0793159997838	 48.1512902007279
21:22:46 	 37.8351512101076	 38.2092623357601	 43.3743133200561	 45.7914669366967	 29.1900372137162	 32.9917835153655	 42.2780458217116	 43.6645378595931	 36.7941899656806	 34.6440487931514	 34.1852691334021	 36.7416356847346	 38.0793159997838	 48.1512902007279
21:22:47 	 37.8351512101076	 38.2092623357601	 40.2779507739883	 45.7914669366967	 35.5073525137283	 32.9917835153655	 42.2780458217116	 40.3116520680335	 36.7941899656806	 34.6440487931514	 34.1852691334021	 36.7416356847346	 38.0793159997838	 48.1512902007279
21:22:48 	 37.8351512101076	 38.2092623357601	 40.2779507739883	 45.7914669366967	 39.6809705317406	 32.9917835153655	 42.2780458217116	 40.3116520680335	 36.7941899656806	 31.7917174612384	 34.1852691334021	 34.3722891915968	 38.0793159997838	 48.1512902007279
21:22:49 	 37.8351512101076	 38.2092623357601	 37.1898849835359	 43.3512221709258	 39.6809705317406	 32.9917835153655	 42.2780458217116	 40.3116520680335	 36.7941899656806	 38.0810300342474	 34.1852691334021	 34.3722891915968	 38.0793159997838	 43.9199875622683
21:22:50 	 37.8351512101076	 38.2092623357601	 37.1898849835359	 40.4986831190247	 39.6809705317406	 32.9917835153655	 42.2780458217116	 37.1148223261858	 36.7941899656806	 42.8062753597846	 34.1852691334021	 34.3722891915968	 38.0793159997838	 43.9199875622683
21:22:51 	 34.320850919448	 38.2092623357601	 37.1898849835359	 40.4986831190247	 39.6809705317406	 38.1745358924956	 42.2780458217116	 37.1148223261858	 29.4808993360276	 42.8062753597846	 34.1852691334021	 34.3722891915968	 35.2334652854542	 43.9199875622683
21:22:52 	 34.320850919448	 38.2092623357601	 34.6861349521671	 40.4986831190247	 39.6809705317406	 44.4046611700909	 42.2780458217116	 33.7019008465742	 29.4808993360276	 42.8062753597846	 34.1852691334021	 34.3722891915968	 35.2334652854542	 43.9199875622683
21:22:53 	 31.1734099645196	 38.2092623357601	 34.6861349521671	 40.4986831190247	 39.6809705317406	 44.4046611700909	 42.2780458217116	 33.7019008465742	 35.5214892904239	 42.8062753597846	 34.1852691334021	 34.3722891915968	 35.2334652854542	 43.9199875622683
21:22:54 	 31.1734099645196	 35.2439557088586	 34.6861349521671	 40.4986831190247	 39.6809705317406	 44.4046611700909	 42.2780458217116	 33.7019008465742	 38.0246163438577	 42.8062753597846	 34.1852691334021	 34.3722891915968	 35.2334652854542	 43.9199875622683
21:22:55 	 36.0809418286901	 35.2439557088586	 34.6861349521671	 40.4986831190247	 33.696939738507	 44.4046611700909	 42.2780458217116	 33.7019008465742	 35.3468812204351	 42.8062753597846	 34.1852691334021	 34.3722891915968	 31.1219472184926	 43.9199875622683
21:22:56 	 42.0472916946156	 30.0602000279578	 34.6861349521671	 40.4986831190247	 30.7571953928981	 44.4046611700909	 42.2780458217116	 33.7019008465742	 35.3468812204351	 42.8062753597846	 34.1852691334021	 34.3722891915968	 31.1219472184926	 42.1794009974448
21:22:57 	 42.0472916946156	 33.8629684574727	 30.5623386035735	 40.4986831190247	 30.7571953928981	 41.2709991057782	 42.2780458217116	 33.7019008465742	 35.3468812204351	 42.8062753597846	 34.1852691334021	 30.4614521421117	 31.1219472184926	 42.1794009974448
21:22:58 	 42.0472916946156	 38.983816790808	 30.5623386035735	 40.4986831190247	 30.7571953928981	 41.2709991057782	 39.2962764947439	 33.7019008465742	 35.3468812204351	 42.8062753597846	 34.1852691334021	 30.4614521421117	 31.1219472184926	 40.2166642096824
21:22:59 	 42.0472916946156	 42.8952812606286	 30.5623386035735	 40.4986831190247	 30.7571953928981	 41.2709991057782	 39.2962764947439	 33.7019008465742	 35.3468812204351	 42.8062753597846	 34.1852691334021	 30.4614521421117	 30.8305350790046	 40.2166642096824
21:23:00 	 42.0472916946156	 39.8046208745871	 30.5623386035735	 40.4986831190247	 30.7571953928981	 41.2709991057782	 39.2962764947439	 33.7019008465742	 31.8019183329421	 42.8062753597846	 34.1852691334021	 30.4614521421117	 37.8848206550965	 40.2166642096824
21:23:01 	 42.0472916946156	 39.8046208745871	 30.5623386035735	 40.4986831190247	 34.4220427309209	 41.2709991057782	 39.2962764947439	 33.7019008465742	 31.8019183329421	 42.8062753597846	 30.6316399381776	 30.4614521421117	 40.2052138389875	 40.2166642096824
21:23:02 	 42.0472916946156	 39.8046208745871	 30.5623386035735	 38.4952207938308	 39.4698852073739	 41.2709991057782	 39.2962764947439	 33.7019008465742	 31.8019183329421	 39.1627222105542	 30.6316399381776	 30.4614521421117	 40.2052138389875	 32.5251354600298
21:23:03 	 42.0472916946156	 39.8046208745871	 30.5623386035735	 35.2617917198748	 41.2631410526821	 41.2709991057782	 39.2962764947439	 33.7019008465742	 31.8019183329421	 35.4985076969088	 30.6316399381776	 32.2848374878719	 40.2052138389875	 32.5251354600298
21:23:04 	 42.0472916946156	 39.8046208745871	 30.5623386035735	 35.2617917198748	 41.2631410526821	 41.2709991057782	 39.2962764947439	 27.140159202838	 31.8019183329421	 35.4985076969088	 30.6316399381776	 38.0179144526941	 40.2052138389875	 32.5251354600298
21:23:05 	 42.0472916946156	 39.8046208745871	 30.5623386035735	 35.2617917198748	 41.2631410526821	 41.2709991057782	 39.2962764947439	 33.0565255965812	 31.8019183329421	 35.4985076969088	 30.6316399381776	 38.0179144526941	 40.2052138389875	 32.5251354600298
21:23:06 	 42.0472916946156	 39.8046208745871	 30.5623386035735	 35.2617917198748	 41.2631410526821	 41.2709991057782	 39.2962764947439	 35.7189960993525	 31.8019183329421	 35.4985076969088	 30.6316399381776	 38.0179144526941	 35.625863957678	 32.5251354600298
21:23:07 	 42.0472916946156	 39.8046208745871	 35.5546041147923	 35.2617917198748	 41.2631410526821	 41.2709991057782	 39.2962764947439	 35.7189960993525	 31.8019183329421	 35.4985076969088	 30.6316399381776	 38.0179144526941	 32.3727756404066	 28.7045984311622
21:23:08 	 40.4846699407726	 39.8046208745871	 42.4012555706296	 35.2617917198748	 41.2631410526821	 41.2709991057782	 39.2962764947439	 32.9309452407375	 31.8019183329421	 35.4985076969088	 30.6316399381776	 38.0179144526941	 32.3727756404066	 28.7045984311622
21:23:09 	 40.4846699407726	 39.8046208745871	 38.9226374619552	 35.2617917198748	 41.2631410526821	 41.2709991057782	 39.2962764947439	 32.9309452407375	 31.8019183329421	 35.4985076969088	 30.6316399381776	 38.0179144526941	 32.3727756404066	 34.5200704635051
21:23:10 	 40.4846699407726	 39.8046208745871	 38.9226374619552	 35.2617917198748	 41.2631410526821	 41.2709991057782	 39.2962764947439	 32.9309452407375	 28.7149087747777	 35.4985076969088	 30.6316399381776	 38.0179144526941	 32.3727756404066	 40.6190690363502
21:23:11 	 37.6091696626148	 39.8046208745871	 38.9226374619552	 35.2617917198748	 41.2631410526821	 41.2709991057782	 39.2962764947439	 32.9309452407375	 34.9131943049322	 35.4985076969088	 30.6316399381776	 38.0179144526941	 32.3727756404066	 40.6190690363502
21:23:12 	 37.6091696626148	 39.8046208745871	 36.4211641906352	 35.2617917198748	 41.2631410526821	 41.2709991057782	 39.2962764947439	 32.9309452407375	 39.9501633026473	 31.7020151458811	 28.1161008375574	 38.0179144526941	 32.3727756404066	 40.6190690363502
21:23:13 	 37.6091696626148	 39.8046208745871	 36.4211641906352	 32.3790898505393	 41.2631410526821	 41.2709991057782	 39.2962764947439	 32.9309452407375	 39.9501633026473	 31.7020151458811	 29.505698373013	 38.0179144526941	 32.3727756404066	 40.6190690363502
21:23:14 	 37.6091696626148	 39.8046208745871	 36.4211641906352	 32.3790898505393	 41.2631410526821	 41.2709991057782	 39.2962764947439	 32.9309452407375	 39.9501633026473	 28.8544186663728	 35.3173879689534	 38.0179144526941	 32.3727756404066	 40.6190690363502
21:23:15 	 37.6091696626148	 39.8046208745871	 36.4211641906352	 32.3790898505393	 41.2631410526821	 41.2709991057782	 39.2962764947439	 32.9309452407375	 39.9501633026473	 36.1976936722877	 35.3173879689534	 38.0179144526941	 29.3777060430853	 40.6190690363502
21:23:16 	 37.6091696626148	 39.8046208745871	 36.4211641906352	 32.3790898505393	 38.2297654291421	 41.2709991057782	 39.2962764947439	 32.9309452407375	 39.9501633026473	 44.0014117419719	 35.3173879689534	 38.0179144526941	 29.3777060430853	 40.6190690363502
21:23:17 	 37.6091696626148	 39.8046208745871	 36.4211641906352	 32.3790898505393	 38.2297654291421	 41.2709991057782	 39.2962764947439	 32.9309452407375	 39.9501633026473	 44.0014117419719	 35.3173879689534	 38.0179144526941	 36.355039662413	 40.6190690363502
21:23:18 	 37.6091696626148	 39.8046208745871	 36.4211641906352	 32.3790898505393	 38.2297654291421	 41.2709991057782	 39.2962764947439	 32.9309452407375	 39.9501633026473	 44.0014117419719	 35.3173879689534	 38.0179144526941	 40.8536293845025	 38.4688903563007
21:23:19 	 37.6091696626148	 36.5590310737588	 36.4211641906352	 32.3790898505393	 34.8789707643526	 41.2709991057782	 39.2962764947439	 35.3946023379413	 39.9501633026473	 44.0014117419719	 32.1812421362656	 38.0179144526941	 40.8536293845025	 35.5749400136228
21:23:20 	 37.6091696626148	 36.5590310737588	 36.4211641906352	 32.3790898505393	 34.8789707643526	 38.6001932476586	 39.2962764947439	 40.3019820276607	 39.9501633026473	 44.0014117419719	 32.1812421362656	 35.6055846337673	 40.8536293845025	 32.2752951176067
21:23:21 	 37.6091696626148	 34.3743779307711	 36.4211641906352	 36.8687061290958	 34.8789707643526	 38.6001932476586	 39.2962764947439	 40.3019820276607	 39.9501633026473	 44.0014117419719	 32.1812421362656	 35.6055846337673	 40.8536293845025	 32.2752951176067
21:23:22 	 37.6091696626148	 34.3743779307711	 36.4211641906352	 42.9056465439429	 34.8789707643526	 38.6001932476586	 39.2962764947439	 40.3019820276607	 39.9501633026473	 44.0014117419719	 32.1812421362656	 35.6055846337673	 40.8536293845025	 32.2752951176067
21:23:23 	 34.5271393748674	 31.6263011095827	 36.4211641906352	 42.9056465439429	 34.8789707643526	 38.6001932476586	 36.1445529069964	 36.642169046137	 39.9501633026473	 44.0014117419719	 37.4654395503232	 35.6055846337673	 40.8536293845025	 32.2752951176067
21:23:24 	 34.5271393748674	 31.6263011095827	 36.4211641906352	 42.9056465439429	 34.8789707643526	 38.6001932476586	 36.1445529069964	 36.642169046137	 39.9501633026473	 44.0014117419719	 41.4458654431007	 35.6055846337673	 40.8536293845025	 32.2752951176067
21:23:25 	 34.5271393748674	 31.6263011095827	 36.4211641906352	 39.6697185540533	 34.8789707643526	 38.6001932476586	 32.2238677480089	 36.642169046137	 39.9501633026473	 44.0014117419719	 38.5075425014795	 35.6055846337673	 40.8536293845025	 37.1820458170336
21:23:26 	 34.5271393748674	 31.6263011095827	 36.4211641906352	 39.6697185540533	 34.8789707643526	 38.6001932476586	 32.2238677480089	 36.642169046137	 39.9501633026473	 44.0014117419719	 38.5075425014795	 35.6055846337673	 40.8536293845025	 40.5540550197054
21:23:27 	 34.5271393748674	 33.7426746036062	 34.3597250598387	 39.6697185540533	 34.8789707643526	 38.6001932476586	 32.2238677480089	 36.642169046137	 35.8661075533796	 44.0014117419719	 38.5075425014795	 35.6055846337673	 40.8536293845025	 43.0170154868732
21:23:28 	 31.750276976772	 37.6925353766147	 34.3597250598387	 39.6697185540533	 34.8789707643526	 38.6001932476586	 27.6018256158885	 36.642169046137	 35.8661075533796	 44.0014117419719	 38.5075425014795	 32.2494145325394	 40.8536293845025	 43.0170154868732
21:23:29 	 27.8355426240648	 41.2404256270642	 31.3744008358191	 39.6697185540533	 34.8789707643526	 38.6001932476586	 31.2459295608861	 36.642169046137	 35.8661075533796	 44.0014117419719	 38.5075425014795	 32.2494145325394	 40.8536293845025	 43.0170154868732
21:23:30 	 27.8355426240648	 41.2404256270642	 31.3744008358191	 36.1528191955434	 34.8789707643526	 38.6001932476586	 37.8868228987531	 36.642169046137	 35.8661075533796	 44.0014117419719	 38.5075425014795	 32.2494145325394	 40.8536293845025	 43.0170154868732
21:23:31 	 31.1288078238199	 41.2404256270642	 31.3744008358191	 36.1528191955434	 34.8789707643526	 38.6001932476586	 39.7311929857264	 36.642169046137	 35.8661075533796	 44.0014117419719	 38.5075425014795	 32.2494145325394	 40.8536293845025	 43.0170154868732
21:23:32 	 37.628239076602	 41.2404256270642	 31.3744008358191	 36.1528191955434	 34.8789707643526	 38.6001932476586	 39.7311929857264	 36.642169046137	 35.8661075533796	 44.0014117419719	 38.5075425014795	 32.2494145325394	 40.8536293845025	 43.0170154868732
21:23:33 	 39.8290024571889	 41.2404256270642	 31.3744008358191	 36.1528191955434	 34.8789707643526	 38.6001932476586	 39.7311929857264	 36.642169046137	 35.8661075533796	 44.0014117419719	 38.5075425014795	 34.3011997189762	 40.8536293845025	 43.0170154868732
21:23:34 	 36.3093590384002	 38.8351056360065	 28.5781873321172	 36.1528191955434	 34.8789707643526	 38.6001932476586	 39.7311929857264	 36.642169046137	 33.3274003250924	 39.9253389296083	 38.5075425014795	 40.9508386707928	 40.8536293845025	 43.0170154868732
21:23:35 	 36.3093590384002	 38.8351056360065	 30.8351105833724	 36.1528191955434	 34.8789707643526	 36.0840901972806	 36.7775935440739	 36.642169046137	 33.3274003250924	 39.9253389296083	 38.5075425014795	 42.5351875989604	 40.8536293845025	 43.0170154868732
21:23:36 	 36.3093590384002	 38.8351056360065	 37.0577308525484	 36.1528191955434	 34.8789707643526	 36.0840901972806	 36.7775935440739	 36.642169046137	 33.3274003250924	 39.9253389296083	 38.5075425014795	 40.2288367123614	 40.8536293845025	 43.0170154868732
21:23:37 	 36.3093590384002	 38.8351056360065	 39.1498497031101	 36.1528191955434	 34.8789707643526	 31.807290227063	 36.7775935440739	 36.642169046137	 37.1374839455261	 39.9253389296083	 38.5075425014795	 40.2288367123614	 40.8536293845025	 43.0170154868732
21:23:38 	 36.3093590384002	 38.8351056360065	 39.1498497031101	 36.1528191955434	 34.8789707643526	 28.4681342385066	 33.2116881149647	 36.642169046137	 41.7462903711433	 39.9253389296083	 38.5075425014795	 40.2288367123614	 40.8536293845025	 43.0170154868732
21:23:39 	 36.3093590384002	 38.8351056360065	 39.1498497031101	 36.1528191955434	 34.8789707643526	 32.4513188355818	 33.2116881149647	 34.6040069502572	 45.5541750318969	 39.9253389296083	 36.6493416291445	 40.2288367123614	 40.8536293845025	 43.0170154868732
21:23:40 	 36.3093590384002	 38.8351056360065	 39.1498497031101	 36.1528191955434	 34.8789707643526	 39.6941208308553	 33.2116881149647	 32.0162545015764	 45.5541750318969	 37.5424649699074	 34.1374288228841	 37.9852020789431	 40.8536293845025	 43.0170154868732
21:23:41 	 36.3093590384002	 38.8351056360065	 39.1498497031101	 36.1528191955434	 34.8789707643526	 42.0999685672201	 33.2116881149647	 34.8888205348796	 43.1818562295285	 37.5424649699074	 34.1374288228841	 37.9852020789431	 40.8536293845025	 43.0170154868732
21:23:42 	 36.3093590384002	 38.8351056360065	 39.1498497031101	 36.1528191955434	 34.8789707643526	 42.0999685672201	 30.6483741218966	 40.9694498181983	 43.1818562295285	 37.5424649699074	 34.1374288228841	 37.9852020789431	 40.8536293845025	 43.0170154868732
21:23:43 	 36.3093590384002	 38.8351056360065	 39.1498497031101	 36.1528191955434	 34.8789707643526	 42.0999685672201	 35.8272764722034	 40.9694498181983	 43.1818562295285	 37.5424649699074	 34.1374288228841	 37.9852020789431	 40.8536293845025	 43.0170154868732
21:23:44 	 32.5694341360985	 38.8351056360065	 39.1498497031101	 36.1528191955434	 34.8789707643526	 42.0999685672201	 41.2195654821848	 40.9694498181983	 43.1818562295285	 37.5424649699074	 34.1374288228841	 37.9852020789431	 38.1847525369418	 43.0170154868732
21:23:45 	 37.0085050745291	 38.8351056360065	 39.1498497031101	 36.1528191955434	 34.8789707643526	 42.0999685672201	 41.2195654821848	 40.9694498181983	 43.1818562295285	 37.5424649699074	 34.1374288228841	 37.9852020789431	 38.1847525369418	 43.0170154868732
21:23:46 	 44.057290570786	 38.8351056360065	 39.1498497031101	 36.1528191955434	 31.8719906430026	 42.0999685672201	 41.2195654821848	 40.9694498181983	 43.1818562295285	 37.5424649699074	 34.1374288228841	 31.7698270151148	 38.1847525369418	 43.0170154868732
21:23:47 	 41.4379228638303	 38.8351056360065	 36.3847018134224	 33.6449305768712	 36.3991912876263	 37.681113139498	 41.2195654821848	 40.9694498181983	 43.1818562295285	 37.5424649699074	 34.1374288228841	 31.7698270151148	 38.1847525369418	 43.0170154868732
21:23:48 	 37.6561871002576	 38.8351056360065	 36.3847018134224	 33.6449305768712	 34.3417136393734	 33.6835460130679	 41.2195654821848	 40.9694498181983	 39.6086454361837	 37.5424649699074	 34.1374288228841	 31.7698270151148	 38.1847525369418	 43.0170154868732
21:23:49 	 37.6561871002576	 36.7768148646951	 36.3847018134224	 33.6449305768712	 31.0321092632272	 33.6835460130679	 41.2195654821848	 40.9694498181983	 39.6086454361837	 34.1235486167049	 34.1374288228841	 37.6990680844911	 38.1847525369418	 43.0170154868732
21:23:50 	 34.3551979979076	 36.7768148646951	 36.3847018134224	 33.6449305768712	 31.0321092632272	 33.6835460130679	 41.2195654821848	 40.9694498181983	 39.6086454361837	 34.1235486167049	 34.1374288228841	 42.890511287995	 34.5656764261464	 40.2388736977349
21:23:51 	 34.3551979979076	 36.7768148646951	 36.3847018134224	 33.6449305768712	 36.3176333314379	 33.6835460130679	 41.2195654821848	 40.9694498181983	 39.6086454361837	 34.1235486167049	 34.1374288228841	 38.9779195756513	 34.5656764261464	 40.2388736977349
21:23:52 	 34.3551979979076	 36.7768148646951	 36.3847018134224	 33.6449305768712	 43.5704715890668	 33.6835460130679	 41.2195654821848	 40.9694498181983	 39.6086454361837	 34.1235486167049	 34.1374288228841	 38.9779195756513	 34.5656764261464	 36.9076942169418
21:23:53 	 34.3551979979076	 36.7768148646951	 36.3847018134224	 33.6449305768712	 43.5704715890668	 33.6835460130679	 41.2195654821848	 40.9694498181983	 39.6086454361837	 29.9994375474075	 39.9564727227028	 38.9779195756513	 34.5656764261464	 36.9076942169418
21:23:54 	 34.3551979979076	 36.7768148646951	 36.3847018134224	 33.6449305768712	 43.5704715890668	 33.6835460130679	 41.2195654821848	 40.9694498181983	 39.6086454361837	 29.9994375474075	 42.5717493370909	 38.9779195756513	 34.5656764261464	 36.9076942169418
21:23:55 	 34.3551979979076	 36.7768148646951	 36.3847018134224	 33.6449305768712	 43.5704715890668	 30.4855933050482	 41.2195654821848	 40.9694498181983	 39.6086454361837	 33.7996469083003	 47.3811992777916	 38.9779195756513	 34.5656764261464	 29.1445341664612
21:23:56 	 34.3551979979076	 36.7768148646951	 36.3847018134224	 33.6449305768712	 43.5704715890668	 28.5007936359378	 36.7869838284047	 40.9694498181983	 39.6086454361837	 40.5656293895131	 47.3811992777916	 36.270570010388	 34.5656764261464	 29.1445341664612
21:23:57 	 34.3551979979076	 36.7768148646951	 33.2537286138189	 29.6776073398353	 43.5704715890668	 31.4377510015068	 36.7869838284047	 40.9694498181983	 39.6086454361837	 44.564195646493	 47.3811992777916	 36.270570010388	 34.5656764261464	 29.1445341664612
21:23:58 	 34.3551979979076	 36.7768148646951	 33.2537286138189	 29.6776073398353	 43.5704715890668	 37.3489005512544	 36.7869838284047	 40.9694498181983	 39.6086454361837	 42.7047406728323	 47.3811992777916	 33.6322446711569	 31.2391696841427	 29.1445341664612
21:23:59 	 34.3551979979076	 36.7768148646951	 33.2537286138189	 29.6776073398353	 39.836783391248	 39.5061265133541	 36.7869838284047	 40.9694498181983	 39.6086454361837	 42.7047406728323	 44.2069252443648	 33.6322446711569	 28.0016880805342	 32.3358831013279
21:24:00 	 34.3551979979076	 36.7768148646951	 29.9213540311127	 27.2154459031684	 39.836783391248	 39.5061265133541	 36.7869838284047	 40.9694498181983	 39.6086454361837	 42.7047406728323	 44.2069252443648	 33.6322446711569	 28.0016880805342	 38.030799114415
21:24:01 	 34.3551979979076	 36.7768148646951	 29.9213540311127	 29.9588451074706	 39.836783391248	 39.5061265133541	 36.7869838284047	 40.9694498181983	 39.6086454361837	 42.7047406728323	 44.2069252443648	 33.6322446711569	 28.0016880805342	 41.8713163602858
21:24:02 	 34.3551979979076	 34.7958472219969	 29.9213540311127	 35.1462195985989	 39.836783391248	 39.5061265133541	 36.7869838284047	 40.9694498181983	 37.2095061618678	 42.7047406728323	 40.7384593740277	 33.6322446711569	 28.0016880805342	 41.8713163602858
21:24:03 	 34.3551979979076	 34.7958472219969	 29.9213540311127	 39.3887091742275	 39.836783391248	 37.0928963871624	 34.3209813271265	 40.9694498181983	 37.2095061618678	 42.7047406728323	 40.7384593740277	 33.6322446711569	 30.8775715239021	 41.8713163602858
21:24:04 	 34.3551979979076	 31.8658828475426	 29.9213540311127	 39.3887091742275	 39.836783391248	 37.0928963871624	 34.3209813271265	 40.9694498181983	 37.2095061618678	 42.7047406728323	 40.7384593740277	 33.6322446711569	 36.7329249538288	 41.8713163602858
21:24:05 	 31.3281829230225	 31.8658828475426	 32.851609574923	 39.3887091742275	 39.836783391248	 33.7592878704681	 34.3209813271265	 40.9694498181983	 37.2095061618678	 42.7047406728323	 40.7384593740277	 33.6322446711569	 37.4764417859672	 41.8713163602858
21:24:06 	 31.3281829230225	 31.8658828475426	 40.3430152441402	 39.3887091742275	 39.836783391248	 33.7592878704681	 34.3209813271265	 38.4699610235534	 37.2095061618678	 42.7047406728323	 40.7384593740277	 33.6322446711569	 37.4764417859672	 41.8713163602858
21:24:07 	 31.3281829230225	 36.2238723552589	 42.5093836043856	 39.3887091742275	 39.836783391248	 33.7592878704681	 31.1541716121008	 38.4699610235534	 37.2095061618678	 42.7047406728323	 40.7384593740277	 33.6322446711569	 37.4764417859672	 41.8713163602858
21:24:08 	 29.5956078786916	 40.9471005303155	 42.5093836043856	 39.3887091742275	 39.836783391248	 29.8050490761943	 31.1541716121008	 35.9458197792861	 37.2095061618678	 42.7047406728323	 40.7384593740277	 33.6322446711569	 37.4764417859672	 41.8713163602858
21:24:09 	 33.2816411187805	 40.6922816258294	 42.5093836043856	 39.3887091742275	 39.836783391248	 29.8050490761943	 31.1541716121008	 33.4731239397401	 37.2095061618678	 42.7047406728323	 40.7384593740277	 33.6322446711569	 37.4764417859672	 39.2372416510338
21:24:10 	 39.7743799443474	 36.5380012857422	 37.9474894577334	 39.3887091742275	 39.836783391248	 29.8050490761943	 31.1541716121008	 33.4731239397401	 37.2095061618678	 42.7047406728323	 37.1665309982786	 31.3182070631335	 37.4764417859672	 39.2372416510338
21:24:11 	 41.8700729973005	 36.5380012857422	 37.9474894577334	 36.467298062223	 39.836783391248	 31.8515688433425	 29.4244620088208	 33.4731239397401	 37.2095061618678	 42.7047406728323	 37.1665309982786	 28.9629196498836	 37.4764417859672	 39.2372416510338
21:24:12 	 41.8700729973005	 36.5380012857422	 35.5749233544578	 36.467298062223	 39.836783391248	 37.711286651633	 29.4244620088208	 33.4731239397401	 34.2952058940781	 42.7047406728323	 37.1665309982786	 28.9629196498836	 37.4764417859672	 39.2372416510338
21:24:13 	 41.8700729973005	 36.5380012857422	 35.5749233544578	 36.467298062223	 38.0435275459399	 40.7315427487582	 32.3136325176348	 33.4731239397401	 34.2952058940781	 42.7047406728323	 37.1665309982786	 28.9629196498836	 37.4764417859672	 39.2372416510338
21:24:14 	 41.8700729973005	 36.5380012857422	 35.5749233544578	 32.657177864628	 38.0435275459399	 40.7315427487582	 36.9394951506454	 33.4731239397401	 34.2952058940781	 38.2748830734839	 37.1665309982786	 28.9629196498836	 34.4684777798816	 39.2372416510338
21:24:15 	 41.8700729973005	 36.5380012857422	 35.5749233544578	 32.657177864628	 38.0435275459399	 40.7315427487582	 39.6845591719192	 33.4731239397401	 34.2952058940781	 38.2748830734839	 37.1665309982786	 31.6868154107032	 34.4684777798816	 39.2372416510338
21:24:16 	 41.8700729973005	 36.5380012857422	 35.5749233544578	 32.657177864628	 38.0435275459399	 38.4601776395947	 39.6845591719192	 33.4731239397401	 34.2952058940781	 38.2748830734839	 37.1665309982786	 37.3818217839568	 34.4684777798816	 39.2372416510338
21:24:17 	 41.8700729973005	 34.14691796542	 35.5749233544578	 32.657177864628	 35.4119972058207	 38.4601776395947	 39.6845591719192	 36.9932769712131	 34.2952058940781	 38.2748830734839	 37.1665309982786	 41.1398226145096	 34.4684777798816	 39.2372416510338
21:24:18 	 41.8700729973005	 34.14691796542	 35.5749233544578	 29.089876224329	 35.4119972058207	 38.4601776395947	 39.6845591719192	 39.2621285599005	 34.2952058940781	 38.2748830734839	 35.5811812782898	 41.1398226145096	 34.4684777798816	 39.2372416510338
21:24:19 	 41.8700729973005	 34.14691796542	 35.5749233544578	 31.903142097848	 35.4119972058207	 38.4601776395947	 35.5955977243746	 41.381035136802	 34.2952058940781	 38.2748830734839	 35.5811812782898	 41.1398226145096	 32.4404425776071	 39.2372416510338
21:24:20 	 41.8700729973005	 34.14691796542	 35.5749233544578	 34.3382238847053	 35.4119972058207	 38.4601776395947	 35.5955977243746	 41.381035136802	 31.9914634223884	 38.2748830734839	 35.5811812782898	 41.1398226145096	 32.4404425776071	 39.2372416510338
21:24:21 	 41.8700729973005	 34.14691796542	 35.5749233544578	 36.6919199692961	 35.4119972058207	 38.4601776395947	 35.5955977243746	 41.381035136802	 29.6327895016212	 38.2748830734839	 35.5811812782898	 41.1398226145096	 32.4404425776071	 39.2372416510338
21:24:22 	 41.8700729973005	 34.14691796542	 35.5749233544578	 36.6919199692961	 32.4042862819548	 38.4601776395947	 35.5955977243746	 41.381035136802	 33.4968266105641	 38.2748830734839	 35.5811812782898	 41.1398226145096	 32.4404425776071	 39.2372416510338
21:24:23 	 38.6951161774611	 34.14691796542	 35.5749233544578	 36.6919199692961	 32.4042862819548	 38.4601776395947	 35.5955977243746	 41.381035136802	 36.351258853606	 38.2748830734839	 35.5811812782898	 41.1398226145096	 35.228651726843	 39.2372416510338
21:24:24 	 38.6951161774611	 34.14691796542	 35.5749233544578	 36.6919199692961	 32.4042862819548	 38.4601776395947	 35.5955977243746	 41.381035136802	 36.351258853606	 38.2748830734839	 35.5811812782898	 41.1398226145096	 38.1894968286198	 39.2372416510338
21:24:25 	 38.6951161774611	 34.14691796542	 35.5749233544578	 36.6919199692961	 32.4042862819548	 38.4601776395947	 35.5955977243746	 38.1762082948839	 36.351258853606	 38.2748830734839	 35.5811812782898	 41.1398226145096	 44.5258693349239	 39.2372416510338
21:24:26 	 38.6951161774611	 34.14691796542	 35.5749233544578	 36.6919199692961	 36.1450570483642	 38.4601776395947	 35.5955977243746	 38.1762082948839	 36.351258853606	 38.2748830734839	 32.5128101024135	 41.1398226145096	 44.5258693349239	 36.3111867425177
21:24:27 	 38.6951161774611	 34.14691796542	 31.1008380018961	 36.6919199692961	 40.6330980779242	 38.4601776395947	 35.5955977243746	 38.1762082948839	 36.351258853606	 38.2748830734839	 32.5128101024135	 41.1398226145096	 44.5258693349239	 36.3111867425177
21:24:28 	 38.6951161774611	 34.14691796542	 36.4766754146322	 36.6919199692961	 40.6330980779242	 38.4601776395947	 32.9606558932244	 34.848804562986	 36.351258853606	 38.2748830734839	 32.5128101024135	 41.1398226145096	 44.5258693349239	 32.7488984590271
21:24:29 	 38.6951161774611	 31.275604528439	 42.9785745658644	 36.6919199692961	 40.6330980779242	 38.4601776395947	 32.9606558932244	 34.848804562986	 36.351258853606	 38.2748830734839	 32.5128101024135	 41.1398226145096	 44.5258693349239	 32.7488984590271
21:24:30 	 38.6951161774611	 37.3078898180584	 42.9785745658644	 36.6919199692961	 40.6330980779242	 38.4601776395947	 32.9606558932244	 34.848804562986	 36.351258853606	 32.1412789682797	 32.5128101024135	 41.1398226145096	 44.5258693349239	 32.7488984590271
21:24:31 	 38.6951161774611	 43.6333025250628	 42.9785745658644	 36.6919199692961	 40.6330980779242	 38.4601776395947	 32.9606558932244	 34.848804562986	 36.351258853606	 29.6482990709054	 32.5128101024135	 38.7971876328721	 44.5258693349239	 32.7488984590271
21:24:32 	 38.6951161774611	 41.5169290310394	 42.9785745658644	 36.6919199692961	 40.6330980779242	 38.4601776395947	 32.9606558932244	 34.848804562986	 36.351258853606	 31.6184132423556	 32.5128101024135	 38.7971876328721	 44.5258693349239	 32.7488984590271
21:24:33 	 38.6951161774611	 39.4804221283971	 42.9785745658644	 36.6919199692961	 40.6330980779242	 38.4601776395947	 32.9606558932244	 34.848804562986	 36.351258853606	 38.8353687084174	 32.5128101024135	 38.7971876328721	 44.5258693349239	 32.7488984590271
21:24:34 	 38.6951161774611	 39.4804221283971	 42.9785745658644	 36.6919199692961	 40.6330980779242	 38.4601776395947	 32.9606558932244	 34.848804562986	 36.351258853606	 38.8353687084174	 40.3536296678368	 35.4067456496875	 44.5258693349239	 32.7488984590271
21:24:35 	 38.6951161774611	 39.4804221283971	 42.9785745658644	 36.6919199692961	 40.6330980779242	 38.4601776395947	 29.3165519482268	 34.848804562986	 36.351258853606	 38.8353687084174	 43.6826802345267	 35.4067456496875	 44.5258693349239	 30.470325943568