 	 192.168.18.9's load  	 192.168.18.8's load  	 192.168.18.7's load  	 192.168.18.6's load  	 192.168.18.5's load  	 192.168.18.4's load  	 192.168.18.3's load  	 192.168.18.2's load  	 192.168.18.1's load  	 192.168.18.0's load  	 192.168.18.13's load  	 192.168.18.12's load  	 192.168.18.11's load  	 192.168.18.10's load 
21:26:04 	 0.0	 0.0	 0.0	 0.0	 0.0	 0.0	 0.0	 0.0	 0.0	 0.0	 0.0	 0.0	 0.0	 0.0
21:26:05 	 0.0	 0.0	 0.0	 0.0	 0.0	 0.0	 0.0	 0.0	 0.0	 0.0	 0.0	 0.0	 0.0	 0.0
21:26:06 	 0.0	 0.0	 0.0	 0.0	 0.0	 0.0	 0.0	 0.0	 0.0	 0.0	 0.0	 0.0	 0.0	 0.0
21:26:07 	 0.0	 0.0	 0.0	 0.0	 0.0	 0.0	 0.0	 0.0	 0.0	 0.0	 0.0	 0.0	 0.0	 0.0
21:26:08 	 0.0	 0.0	 0.0	 0.0	 0.0	 0.0	 0.0	 0.0	 0.0	 0.0	 0.0	 0.0	 0.0	 0.0
21:26:09 	 0.0	 0.0	 0.0	 0.0	 0.0	 0.0	 0.0	 0.0	 0.0	 2.66337277837354	 0.0	 0.0	 0.0	 0.0
21:26:10 	 0.0	 0.0	 0.0	 0.0	 0.0	 0.0	 0.0	 0.0	 0.0	 7.33156779484181	 0.0	 0.0	 0.0	 0.0
21:26:11 	 0.0	 0.0	 0.0	 0.0	 0.0	 0.0	 0.0	 0.0	 0.0	 12.5652728365609	 0.0	 0.0	 0.0	 0.0
21:26:12 	 0.0	 0.0	 0.0	 0.0	 0.0	 0.0	 0.0	 0.0	 6.39721143020415	 12.5652728365609	 0.0	 0.0	 0.0	 0.0
21:26:13 	 0.0	 0.0	 0.0	 0.0	 0.0	 0.0	 0.0	 0.0	 12.0810455649119	 12.5652728365609	 0.0	 0.0	 0.0	 0.0
21:26:14 	 0.0	 0.0	 0.0	 0.0	 0.0	 0.0	 0.0	 0.0	 18.3957706006085	 12.5652728365609	 0.0	 0.0	 0.0	 0.0
21:26:15 	 0.0	 0.0	 0.0	 0.0	 0.0	 0.0	 0.0	 0.0	 24.9679180541988	 12.5652728365609	 0.0	 0.0	 0.0	 0.0
21:26:16 	 0.0	 0.0	 0.0	 0.0	 0.0	 0.0	 0.0	 0.0	 31.6025804735182	 12.5652728365609	 0.0	 0.0	 0.0	 0.0
21:26:17 	 0.0	 0.0	 0.0	 0.0	 0.0	 0.0	 0.0	 4.71772597320232	 31.6025804735182	 12.5652728365609	 0.0	 0.0	 0.0	 0.0
21:26:18 	 0.0	 0.0	 0.0	 0.0	 0.0	 0.0	 0.0	 8.92165741155013	 31.6025804735182	 12.5652728365609	 0.0	 0.0	 0.0	 0.0
21:26:19 	 0.0	 0.0	 0.0	 0.0	 0.0	 0.0	 0.0	 15.4237673901683	 31.6025804735182	 12.5652728365609	 0.0	 0.0	 0.0	 0.0
21:26:20 	 0.0	 0.0	 0.0	 0.0	 0.0	 0.0	 0.0	 21.0167759708215	 31.6025804735182	 12.5652728365609	 0.0	 0.0	 0.0	 0.0
21:26:21 	 0.0	 0.0	 0.0	 0.0	 0.0	 0.0	 0.0	 23.9576851014109	 31.6025804735182	 12.5652728365609	 0.0	 0.0	 0.0	 0.0
21:26:22 	 0.0	 0.0	 0.0	 0.0	 0.0	 0.0	 2.5325115545903	 27.0332516172527	 31.6025804735182	 12.5652728365609	 0.0	 0.0	 0.0	 0.0
21:26:23 	 0.0	 0.0	 0.0	 0.0	 0.0	 0.0	 8.68021493560412	 27.0332516172527	 31.6025804735182	 12.5652728365609	 0.0	 0.0	 0.0	 0.0
21:26:24 	 0.0	 0.0	 0.0	 0.0	 0.0	 0.0	 14.1194574540914	 27.0332516172527	 31.6025804735182	 12.5652728365609	 0.0	 0.0	 0.0	 0.0
21:26:25 	 0.0	 0.0	 0.0	 0.0	 0.0	 0.0	 20.640718298308	 27.0332516172527	 31.6025804735182	 12.5652728365609	 0.0	 0.0	 0.0	 0.0
21:26:26 	 0.0	 0.0	 0.0	 0.0	 0.0	 0.0	 27.1262477243441	 27.0332516172527	 31.6025804735182	 12.5652728365609	 0.0	 0.0	 0.0	 0.0
21:26:27 	 0.0	 0.0	 0.0	 0.0	 0.0	 4.19224337006195	 31.6337013751418	 27.0332516172527	 31.6025804735182	 12.5652728365609	 0.0	 0.0	 0.0	 0.0
21:26:28 	 0.0	 0.0	 0.0	 0.0	 0.0	 11.0254194092545	 31.6337013751418	 27.0332516172527	 31.6025804735182	 12.5652728365609	 0.0	 0.0	 0.0	 0.0
21:26:29 	 0.0	 0.0	 0.0	 0.0	 0.0	 15.222248736481	 31.6337013751418	 27.0332516172527	 31.6025804735182	 12.5652728365609	 0.0	 0.0	 0.0	 0.0
21:26:30 	 0.0	 0.0	 0.0	 0.0	 0.0	 17.9319258436625	 31.6337013751418	 27.0332516172527	 31.6025804735182	 12.5652728365609	 0.0	 0.0	 0.0	 0.0
21:26:31 	 0.0	 0.0	 0.0	 0.0	 0.0	 23.8323813471801	 31.6337013751418	 27.0332516172527	 31.6025804735182	 12.5652728365609	 0.0	 0.0	 0.0	 0.0
21:26:32 	 0.0	 0.0	 0.0	 0.0	 2.16746458558106	 25.7545599836308	 31.6337013751418	 27.0332516172527	 31.6025804735182	 12.5652728365609	 0.0	 0.0	 0.0	 0.0
21:26:33 	 0.0	 0.0	 0.0	 0.0	 7.67188772355976	 25.7545599836308	 31.6337013751418	 27.0332516172527	 31.6025804735182	 12.5652728365609	 0.0	 0.0	 0.0	 0.0
21:26:34 	 0.0	 0.0	 0.0	 0.0	 14.5273129448484	 25.7545599836308	 31.6337013751418	 27.0332516172527	 31.6025804735182	 12.5652728365609	 0.0	 0.0	 0.0	 0.0
21:26:35 	 0.0	 0.0	 0.0	 0.0	 20.4324777940663	 25.7545599836308	 31.6337013751418	 27.0332516172527	 31.6025804735182	 12.5652728365609	 0.0	 0.0	 0.0	 0.0
21:26:36 	 0.0	 0.0	 0.0	 0.0	 27.6890613755804	 25.7545599836308	 31.6337013751418	 27.0332516172527	 31.6025804735182	 12.5652728365609	 0.0	 0.0	 0.0	 0.0
21:26:37 	 0.0	 0.0	 0.0	 3.52131477262004	 30.3731905336063	 25.7545599836308	 31.6337013751418	 27.0332516172527	 31.6025804735182	 12.5652728365609	 0.0	 0.0	 0.0	 0.0
21:26:38 	 0.0	 0.0	 0.0	 9.08106842333777	 30.3731905336063	 25.7545599836308	 31.6337013751418	 27.0332516172527	 31.6025804735182	 12.5652728365609	 0.0	 0.0	 0.0	 0.0
21:26:39 	 0.0	 0.0	 0.0	 16.3508547629358	 30.3731905336063	 25.7545599836308	 31.6337013751418	 27.0332516172527	 31.6025804735182	 12.5652728365609	 0.0	 0.0	 0.0	 0.0
21:26:40 	 0.0	 0.0	 0.0	 21.6748897709859	 30.3731905336063	 25.7545599836308	 31.6337013751418	 27.0332516172527	 31.6025804735182	 12.5652728365609	 0.0	 0.0	 0.0	 0.0
21:26:41 	 0.0	 0.0	 0.0	 26.4803274890691	 30.3731905336063	 25.7545599836308	 31.6337013751418	 27.0332516172527	 31.6025804735182	 12.5652728365609	 0.0	 0.0	 0.0	 0.0
21:26:42 	 0.0	 0.0	 3.23046092301442	 28.5141736627806	 30.3731905336063	 25.7545599836308	 31.6337013751418	 27.0332516172527	 31.6025804735182	 12.5652728365609	 0.0	 0.0	 0.0	 0.0
21:26:43 	 0.0	 0.0	 10.7674013054138	 28.5141736627806	 30.3731905336063	 25.7545599836308	 31.6337013751418	 27.0332516172527	 31.6025804735182	 12.5652728365609	 0.0	 0.0	 0.0	 0.0
21:26:44 	 0.0	 0.0	 15.533539711862	 28.5141736627806	 30.3731905336063	 25.7545599836308	 31.6337013751418	 27.0332516172527	 31.6025804735182	 12.5652728365609	 0.0	 0.0	 0.0	 0.0
21:26:45 	 0.0	 0.0	 22.2771479189701	 28.5141736627806	 30.3731905336063	 25.7545599836308	 31.6337013751418	 27.0332516172527	 31.6025804735182	 12.5652728365609	 0.0	 0.0	 0.0	 0.0
21:26:46 	 0.0	 0.0	 30.4705412438248	 28.5141736627806	 30.3731905336063	 25.7545599836308	 31.6337013751418	 27.0332516172527	 31.6025804735182	 12.5652728365609	 0.0	 0.0	 0.0	 0.0
21:26:47 	 0.0	 2.4063058121708	 33.3116908301985	 28.5141736627806	 30.3731905336063	 25.7545599836308	 31.6337013751418	 27.0332516172527	 31.6025804735182	 12.5652728365609	 0.0	 0.0	 0.0	 0.0
21:26:48 	 0.0	 8.12726321055987	 33.3116908301985	 28.5141736627806	 30.3731905336063	 25.7545599836308	 31.6337013751418	 27.0332516172527	 31.6025804735182	 12.5652728365609	 0.0	 0.0	 0.0	 0.0
21:26:49 	 0.0	 15.2977514811705	 33.3116908301985	 28.5141736627806	 30.3731905336063	 25.7545599836308	 31.6337013751418	 27.0332516172527	 31.6025804735182	 12.5652728365609	 0.0	 0.0	 0.0	 0.0
21:26:50 	 0.0	 21.7394550273698	 33.3116908301985	 28.5141736627806	 30.3731905336063	 25.7545599836308	 31.6337013751418	 27.0332516172527	 31.6025804735182	 12.5652728365609	 0.0	 0.0	 0.0	 0.0
21:26:51 	 0.0	 26.2709925079232	 33.3116908301985	 28.5141736627806	 30.3731905336063	 25.7545599836308	 31.6337013751418	 27.0332516172527	 31.6025804735182	 12.5652728365609	 0.0	 0.0	 0.0	 0.0
21:26:52 	 3.84771157613732	 26.2709925079232	 33.3116908301985	 28.5141736627806	 30.3731905336063	 25.7545599836308	 31.6337013751418	 27.0332516172527	 31.6025804735182	 12.5652728365609	 0.0	 0.0	 0.0	 0.0
21:26:53 	 10.0057591754899	 26.2709925079232	 33.3116908301985	 28.5141736627806	 30.3731905336063	 25.7545599836308	 31.6337013751418	 27.0332516172527	 31.6025804735182	 12.5652728365609	 0.0	 0.0	 0.0	 0.0
21:26:54 	 16.8630292859401	 26.2709925079232	 33.3116908301985	 28.5141736627806	 30.3731905336063	 25.7545599836308	 31.6337013751418	 27.0332516172527	 31.6025804735182	 12.5652728365609	 0.0	 0.0	 0.0	 0.0
21:26:55 	 24.5254253038173	 26.2709925079232	 33.3116908301985	 28.5141736627806	 30.3731905336063	 25.7545599836308	 31.6337013751418	 27.0332516172527	 31.6025804735182	 12.5652728365609	 0.0	 0.0	 0.0	 0.0
21:26:56 	 29.4725186896593	 26.2709925079232	 33.3116908301985	 28.5141736627806	 30.3731905336063	 25.7545599836308	 31.6337013751418	 27.0332516172527	 31.6025804735182	 12.5652728365609	 0.0	 0.0	 0.0	 0.0
21:26:57 	 29.4725186896593	 26.2709925079232	 33.3116908301985	 28.5141736627806	 30.3731905336063	 25.7545599836308	 31.6337013751418	 27.0332516172527	 31.6025804735182	 12.5652728365609	 0.0	 0.0	 0.0	 5.74870308010562
21:26:58 	 29.4725186896593	 26.2709925079232	 33.3116908301985	 28.5141736627806	 30.3731905336063	 25.7545599836308	 31.6337013751418	 27.0332516172527	 31.6025804735182	 12.5652728365609	 0.0	 0.0	 0.0	 12.3389498705016
21:26:59 	 29.4725186896593	 26.2709925079232	 33.3116908301985	 28.5141736627806	 30.3731905336063	 25.7545599836308	 31.6337013751418	 27.0332516172527	 31.6025804735182	 12.5652728365609	 0.0	 0.0	 0.0	 15.5115676235219
21:27:00 	 29.4725186896593	 26.2709925079232	 33.3116908301985	 28.5141736627806	 30.3731905336063	 25.7545599836308	 31.6337013751418	 27.0332516172527	 31.6025804735182	 12.5652728365609	 0.0	 0.0	 0.0	 22.7463462599411
21:27:01 	 29.4725186896593	 26.2709925079232	 33.3116908301985	 28.5141736627806	 30.3731905336063	 25.7545599836308	 31.6337013751418	 27.0332516172527	 31.6025804735182	 12.5652728365609	 0.0	 0.0	 0.0	 29.474469136959
21:27:02 	 29.4725186896593	 26.2709925079232	 33.3116908301985	 28.5141736627806	 30.3731905336063	 25.7545599836308	 31.6337013751418	 27.0332516172527	 31.6025804735182	 12.5652728365609	 0.0	 0.0	 3.44520247370656	 31.7772451344046
21:27:03 	 29.4725186896593	 26.2709925079232	 33.3116908301985	 28.5141736627806	 30.3731905336063	 25.7545599836308	 31.6337013751418	 27.0332516172527	 31.6025804735182	 12.5652728365609	 0.0	 0.0	 10.3760609128111	 31.7772451344046
21:27:04 	 29.4725186896593	 26.2709925079232	 33.3116908301985	 28.5141736627806	 30.3731905336063	 25.7545599836308	 31.6337013751418	 27.0332516172527	 31.6025804735182	 12.5652728365609	 0.0	 0.0	 15.8062732634233	 31.7772451344046
21:27:05 	 29.4725186896593	 26.2709925079232	 33.3116908301985	 28.5141736627806	 30.3731905336063	 25.7545599836308	 31.6337013751418	 27.0332516172527	 31.6025804735182	 12.5652728365609	 0.0	 0.0	 21.9853971722396	 31.7772451344046
21:27:06 	 29.4725186896593	 26.2709925079232	 33.3116908301985	 28.5141736627806	 30.3731905336063	 25.7545599836308	 31.6337013751418	 27.0332516172527	 31.6025804735182	 12.5652728365609	 0.0	 0.0	 27.0405422453574	 31.7772451344046
21:27:07 	 29.4725186896593	 26.2709925079232	 33.3116908301985	 28.5141736627806	 30.3731905336063	 25.7545599836308	 31.6337013751418	 27.0332516172527	 31.6025804735182	 12.5652728365609	 0.0	 2.7537456563832	 28.7838569631993	 31.7772451344046
21:27:08 	 29.4725186896593	 26.2709925079232	 33.3116908301985	 28.5141736627806	 30.3731905336063	 25.7545599836308	 31.6337013751418	 27.0332516172527	 31.6025804735182	 12.5652728365609	 0.0	 8.96574911361873	 28.7838569631993	 31.7772451344046
21:27:09 	 29.4725186896593	 26.2709925079232	 33.3116908301985	 28.5141736627806	 30.3731905336063	 25.7545599836308	 31.6337013751418	 27.0332516172527	 31.6025804735182	 12.5652728365609	 0.0	 14.529978916634	 28.7838569631993	 31.7772451344046
21:27:10 	 29.4725186896593	 26.2709925079232	 33.3116908301985	 28.5141736627806	 30.3731905336063	 25.7545599836308	 31.6337013751418	 27.0332516172527	 31.6025804735182	 12.5652728365609	 0.0	 18.9917110302251	 28.7838569631993	 31.7772451344046
21:27:11 	 29.4725186896593	 26.2709925079232	 33.3116908301985	 28.5141736627806	 30.3731905336063	 25.7545599836308	 31.6337013751418	 27.0332516172527	 31.6025804735182	 12.5652728365609	 0.0	 24.7614820333509	 28.7838569631993	 31.7772451344046
21:27:12 	 29.4725186896593	 26.2709925079232	 33.3116908301985	 28.5141736627806	 30.3731905336063	 25.7545599836308	 31.6337013751418	 27.0332516172527	 31.6025804735182	 9.90190005818735	 3.82015906663993	 27.5384315232876	 28.7838569631993	 31.7772451344046
21:27:13 	 29.4725186896593	 26.2709925079232	 33.3116908301985	 28.5141736627806	 30.3731905336063	 25.7545599836308	 31.6337013751418	 27.0332516172527	 31.6025804735182	 9.90190005818735	 7.96352152067155	 27.5384315232876	 28.7838569631993	 31.7772451344046
21:27:14 	 29.4725186896593	 26.2709925079232	 33.3116908301985	 28.5141736627806	 30.3731905336063	 25.7545599836308	 31.6337013751418	 27.0332516172527	 31.6025804735182	 9.90190005818735	 15.2821792655391	 27.5384315232876	 28.7838569631993	 31.7772451344046
21:27:15 	 29.4725186896593	 26.2709925079232	 33.3116908301985	 28.5141736627806	 30.3731905336063	 25.7545599836308	 31.6337013751418	 27.0332516172527	 31.6025804735182	 9.90190005818735	 21.4864817877065	 27.5384315232876	 28.7838569631993	 31.7772451344046
21:27:16 	 29.4725186896593	 26.2709925079232	 33.3116908301985	 28.5141736627806	 30.3731905336063	 25.7545599836308	 31.6337013751418	 27.0332516172527	 28.4297533256807	 9.90190005818735	 27.042752075222	 27.5384315232876	 28.7838569631993	 31.7772451344046
21:27:17 	 29.4725186896593	 26.2709925079232	 33.3116908301985	 28.5141736627806	 30.3731905336063	 25.7545599836308	 31.6337013751418	 25.1165316757943	 28.4297533256807	 12.5669633830759	 29.5135384740878	 27.5384315232876	 28.7838569631993	 31.7772451344046
21:27:18 	 29.4725186896593	 26.2709925079232	 33.3116908301985	 28.5141736627806	 30.3731905336063	 25.7545599836308	 31.6337013751418	 25.1165316757943	 28.4297533256807	 16.8494476053452	 29.5135384740878	 27.5384315232876	 28.7838569631993	 31.7772451344046
21:27:19 	 29.4725186896593	 26.2709925079232	 33.3116908301985	 28.5141736627806	 30.3731905336063	 25.7545599836308	 31.6337013751418	 25.1165316757943	 25.9187463388104	 22.6453597547894	 29.5135384740878	 27.5384315232876	 28.7838569631993	 31.7772451344046
21:27:20 	 29.4725186896593	 26.2709925079232	 33.3116908301985	 28.5141736627806	 30.3731905336063	 25.7545599836308	 31.6337013751418	 25.1165316757943	 25.9187463388104	 28.3574331253443	 29.5135384740878	 27.5384315232876	 28.7838569631993	 31.7772451344046
21:27:21 	 29.4725186896593	 26.2709925079232	 33.3116908301985	 28.5141736627806	 30.3731905336063	 25.7545599836308	 31.6337013751418	 25.1165316757943	 25.9187463388104	 35.2368433369714	 29.5135384740878	 27.5384315232876	 28.7838569631993	 31.7772451344046
21:27:22 	 29.4725186896593	 26.2709925079232	 33.3116908301985	 28.5141736627806	 30.3731905336063	 25.7545599836308	 31.6337013751418	 30.8817845804984	 25.9187463388104	 32.4205516686542	 29.5135384740878	 27.5384315232876	 28.7838569631993	 31.7772451344046
21:27:23 	 29.4725186896593	 26.2709925079232	 33.3116908301985	 28.5141736627806	 30.3731905336063	 25.7545599836308	 31.6337013751418	 36.3412407829207	 25.9187463388104	 32.4205516686542	 29.5135384740878	 27.5384315232876	 28.7838569631993	 31.7772451344046
21:27:24 	 29.4725186896593	 26.2709925079232	 33.3116908301985	 28.5141736627806	 30.3731905336063	 25.7545599836308	 31.6337013751418	 42.1090073720725	 25.9187463388104	 32.4205516686542	 29.5135384740878	 27.5384315232876	 28.7838569631993	 31.7772451344046
21:27:25 	 29.4725186896593	 26.2709925079232	 33.3116908301985	 28.5141736627806	 30.3731905336063	 25.7545599836308	 31.6337013751418	 46.9639966552983	 25.9187463388104	 32.4205516686542	 29.5135384740878	 27.5384315232876	 28.7838569631993	 31.7772451344046
21:27:26 	 29.4725186896593	 26.2709925079232	 33.3116908301985	 28.5141736627806	 30.3731905336063	 25.7545599836308	 31.6337013751418	 51.1271614227246	 25.9187463388104	 32.4205516686542	 29.5135384740878	 27.5384315232876	 28.7838569631993	 31.7772451344046
21:27:27 	 29.4725186896593	 31.4094174961526	 33.3116908301985	 28.5141736627806	 30.3731905336063	 25.7545599836308	 31.6337013751418	 48.3261553909807	 22.5373232359353	 32.4205516686542	 29.5135384740878	 27.5384315232876	 28.7838569631993	 31.7772451344046
21:27:28 	 29.4725186896593	 35.5320365768366	 33.3116908301985	 28.5141736627806	 30.3731905336063	 25.7545599836308	 29.1011898205515	 48.3261553909807	 19.2118812045184	 32.4205516686542	 29.5135384740878	 27.5384315232876	 28.7838569631993	 31.7772451344046
21:27:29 	 29.4725186896593	 40.4155828029015	 33.3116908301985	 28.5141736627806	 30.3731905336063	 25.7545599836308	 29.1011898205515	 48.3261553909807	 19.2118812045184	 32.4205516686542	 29.5135384740878	 27.5384315232876	 28.7838569631993	 31.7772451344046
21:27:30 	 29.4725186896593	 44.7371872878267	 33.3116908301985	 28.5141736627806	 30.3731905336063	 25.7545599836308	 29.1011898205515	 48.3261553909807	 16.2785792716968	 32.4205516686542	 29.5135384740878	 27.5384315232876	 28.7838569631993	 31.7772451344046
21:27:31 	 29.4725186896593	 50.5140263618957	 33.3116908301985	 28.5141736627806	 30.3731905336063	 25.7545599836308	 29.1011898205515	 45.3852462603912	 16.2785792716968	 32.4205516686542	 29.5135384740878	 27.5384315232876	 28.7838569631993	 31.7772451344046
21:27:32 	 29.4725186896593	 53.9403920592878	 33.3116908301985	 28.5141736627806	 30.3731905336063	 25.7545599836308	 25.5931575191209	 45.3852462603912	 19.7614140632799	 32.4205516686542	 29.5135384740878	 27.5384315232876	 28.7838569631993	 31.7772451344046
21:27:33 	 29.4725186896593	 53.9403920592878	 33.3116908301985	 28.5141736627806	 30.3731905336063	 21.5623166135689	 25.5931575191209	 45.3852462603912	 25.0435211954319	 32.4205516686542	 29.5135384740878	 27.5384315232876	 28.7838569631993	 31.7772451344046
21:27:34 	 29.4725186896593	 53.9403920592878	 33.3116908301985	 28.5141736627806	 30.3731905336063	 21.5623166135689	 25.5931575191209	 45.3852462603912	 30.9577481585645	 30.5728568532912	 29.5135384740878	 27.5384315232876	 28.7838569631993	 31.7772451344046
21:27:35 	 29.4725186896593	 53.9403920592878	 33.3116908301985	 28.5141736627806	 30.3731905336063	 21.5623166135689	 25.5931575191209	 45.3852462603912	 37.5518485699614	 30.5728568532912	 29.5135384740878	 27.5384315232876	 28.7838569631993	 31.7772451344046
21:27:36 	 29.4725186896593	 53.9403920592878	 33.3116908301985	 28.5141736627806	 30.3731905336063	 21.5623166135689	 25.5931575191209	 45.3852462603912	 44.9853514783827	 30.5728568532912	 29.5135384740878	 27.5384315232876	 28.7838569631993	 31.7772451344046
21:27:37 	 29.4725186896593	 53.9403920592878	 33.3116908301985	 28.5141736627806	 26.1423208890881	 24.6244318881608	 25.5931575191209	 45.3852462603912	 48.6059820865184	 30.5728568532912	 29.5135384740878	 27.5384315232876	 28.7838569631993	 31.7772451344046
21:27:38 	 29.4725186896593	 53.9403920592878	 33.3116908301985	 28.5141736627806	 23.974856303507	 28.4164777567604	 25.5931575191209	 45.3852462603912	 48.6059820865184	 30.5728568532912	 29.5135384740878	 27.5384315232876	 28.7838569631993	 31.7772451344046
21:27:39 	 29.4725186896593	 53.9403920592878	 33.3116908301985	 28.5141736627806	 20.8472073312021	 33.6915466535267	 22.1582025329542	 45.3852462603912	 45.3981446100333	 30.5728568532912	 29.5135384740878	 27.5384315232876	 28.7838569631993	 31.7772451344046
21:27:40 	 29.4725186896593	 53.9403920592878	 33.3116908301985	 28.5141736627806	 20.8472073312021	 40.2758183486442	 22.1582025329542	 45.3852462603912	 45.3981446100333	 30.5728568532912	 29.5135384740878	 27.5384315232876	 28.7838569631993	 31.7772451344046
21:27:41 	 29.4725186896593	 53.9403920592878	 33.3116908301985	 28.5141736627806	 20.8472073312021	 45.6751972810062	 19.518531453371	 41.6997737167473	 45.3981446100333	 30.5728568532912	 29.5135384740878	 27.5384315232876	 28.7838569631993	 31.7772451344046
21:27:42 	 29.4725186896593	 53.9403920592878	 33.3116908301985	 28.5141736627806	 20.8472073312021	 48.175238447637	 22.3996599344673	 41.6997737167473	 45.3981446100333	 30.5728568532912	 29.5135384740878	 27.5384315232876	 28.7838569631993	 31.7772451344046
21:27:43 	 29.4725186896593	 53.9403920592878	 33.3116908301985	 28.5141736627806	 20.8472073312021	 48.175238447637	 29.2369950998626	 41.6997737167473	 45.3981446100333	 30.5728568532912	 29.5135384740878	 27.5384315232876	 28.7838569631993	 31.7772451344046
21:27:44 	 29.4725186896593	 53.9403920592878	 33.3116908301985	 25.5397722146194	 20.8472073312021	 48.175238447637	 30.4717140484658	 41.6997737167473	 45.3981446100333	 30.5728568532912	 29.5135384740878	 27.5384315232876	 28.7838569631993	 31.7772451344046
21:27:45 	 29.4725186896593	 53.9403920592878	 33.3116908301985	 25.5397722146194	 20.8472073312021	 44.1827376834768	 37.4773408568769	 38.876914065686	 45.3981446100333	 30.5728568532912	 29.5135384740878	 27.5384315232876	 28.7838569631993	 31.7772451344046
21:27:46 	 29.4725186896593	 53.9403920592878	 33.3116908301985	 25.5397722146194	 20.8472073312021	 44.1827376834768	 38.9092504243247	 38.876914065686	 45.3981446100333	 30.5728568532912	 29.5135384740878	 27.5384315232876	 28.7838569631993	 31.7772451344046
21:27:47 	 29.4725186896593	 53.9403920592878	 33.3116908301985	 25.5397722146194	 24.5780623977248	 44.1827376834768	 41.6097008964764	 38.876914065686	 45.3981446100333	 30.5728568532912	 29.5135384740878	 27.5384315232876	 28.7838569631993	 31.7772451344046
21:27:48 	 29.4725186896593	 53.9403920592878	 33.3116908301985	 22.6578671539701	 30.4718098500088	 41.4730605762954	 41.6097008964764	 38.876914065686	 45.3981446100333	 30.5728568532912	 29.5135384740878	 27.5384315232876	 28.7838569631993	 31.7772451344046
21:27:49 	 29.4725186896593	 53.9403920592878	 33.3116908301985	 13.6221212418155	 35.2802926104202	 41.4730605762954	 41.6097008964764	 35.8013475498443	 45.3981446100333	 30.5728568532912	 29.5135384740878	 27.5384315232876	 28.7838569631993	 31.7772451344046
21:27:50 	 29.4725186896593	 53.9403920592878	 33.3116908301985	 13.6221212418155	 39.3582951317296	 41.4730605762954	 41.6097008964764	 35.8013475498443	 45.3981446100333	 30.5728568532912	 29.5135384740878	 27.5384315232876	 28.7838569631993	 31.7772451344046
21:27:51 	 29.4725186896593	 53.9403920592878	 33.3116908301985	 13.6221212418155	 45.2091495840669	 39.2481575207996	 41.6097008964764	 35.8013475498443	 45.3981446100333	 30.5728568532912	 29.5135384740878	 27.5384315232876	 28.7838569631993	 31.7772451344046
21:27:52 	 29.4725186896593	 53.9403920592878	 33.3116908301985	 19.266333726701	 45.2091495840669	 39.2481575207996	 39.0785112383439	 35.8013475498443	 45.3981446100333	 30.5728568532912	 29.5135384740878	 27.5384315232876	 28.7838569631993	 31.7772451344046
21:27:53 	 29.4725186896593	 53.9403920592878	 33.3116908301985	 26.1294306318383	 45.2091495840669	 39.2481575207996	 39.0785112383439	 35.8013475498443	 45.3981446100333	 30.5728568532912	 29.5135384740878	 27.5384315232876	 28.7838569631993	 31.7772451344046
21:27:54 	 29.4725186896593	 53.9403920592878	 33.3116908301985	 30.993570031084	 45.2091495840669	 39.2481575207996	 35.1241714704403	 35.8013475498443	 45.3981446100333	 30.5728568532912	 29.5135384740878	 27.5384315232876	 28.7838569631993	 31.7772451344046
21:27:55 	 25.3920013841058	 53.9403920592878	 29.2953507584415	 37.2712945027965	 45.2091495840669	 39.2481575207996	 35.1241714704403	 35.8013475498443	 45.3981446100333	 30.5728568532912	 29.5135384740878	 27.5384315232876	 28.7838569631993	 31.7772451344046
21:27:56 	 21.6690094348396	 53.9403920592878	 29.2953507584415	 45.6271135465053	 45.2091495840669	 39.2481575207996	 35.1241714704403	 35.8013475498443	 45.3981446100333	 30.5728568532912	 29.5135384740878	 27.5384315232876	 28.7838569631993	 31.7772451344046
21:27:57 	 28.1095758246119	 53.9403920592878	 29.2953507584415	 45.6271135465053	 45.2091495840669	 39.2481575207996	 35.1241714704403	 35.8013475498443	 45.3981446100333	 30.5728568532912	 29.5135384740878	 27.5384315232876	 28.7838569631993	 31.7772451344046
21:27:58 	 31.2618696790389	 53.9403920592878	 29.2953507584415	 45.6271135465053	 45.2091495840669	 39.2481575207996	 35.1241714704403	 32.9847101148701	 45.3981446100333	 30.5728568532912	 29.5135384740878	 27.5384315232876	 28.7838569631993	 31.7772451344046
21:27:59 	 37.5767296571393	 53.9403920592878	 29.2953507584415	 45.6271135465053	 42.5845940072964	 36.4074822457672	 35.1241714704403	 31.2724762750231	 45.3981446100333	 28.7209535051401	 29.5135384740878	 27.5384315232876	 28.7838569631993	 31.7772451344046
21:28:00 	 43.3968320648598	 53.9403920592878	 29.2953507584415	 45.6271135465053	 42.5845940072964	 36.4074822457672	 35.1241714704403	 28.5023273454311	 45.3981446100333	 28.7209535051401	 29.5135384740878	 27.5384315232876	 28.7838569631993	 31.7772451344046
21:28:01 	 49.1301522285487	 53.9403920592878	 27.4008935711899	 45.6271135465053	 42.5845940072964	 36.4074822457672	 35.1241714704403	 28.5023273454311	 45.3981446100333	 25.334943278784	 29.5135384740878	 27.5384315232876	 28.7838569631993	 31.7772451344046
21:28:02 	 50.4129239632341	 53.9403920592878	 27.4008935711899	 45.6271135465053	 42.5845940072964	 34.4853036093165	 35.1241714704403	 28.5023273454311	 42.6449499241423	 29.5417781664415	 29.5135384740878	 27.5384315232876	 28.7838569631993	 29.3682725682666
21:28:03 	 50.4129239632341	 51.067854369897	 27.4008935711899	 45.6271135465053	 42.5845940072964	 34.4853036093165	 35.1241714704403	 28.5023273454311	 42.6449499241423	 34.8482278231554	 29.5135384740878	 27.5384315232876	 28.7838569631993	 29.3682725682666
21:28:04 	 47.8915601070358	 51.067854369897	 27.4008935711899	 42.9876173963161	 42.5845940072964	 34.4853036093165	 35.1241714704403	 28.5023273454311	 42.6449499241423	 39.0750945834494	 29.5135384740878	 27.5384315232876	 28.7838569631993	 29.3682725682666
21:28:05 	 47.8915601070358	 51.067854369897	 27.4008935711899	 42.9876173963161	 42.5845940072964	 34.4853036093165	 35.1241714704403	 28.5023273454311	 39.398244501969	 44.4687001272346	 29.5135384740878	 27.5384315232876	 28.7838569631993	 29.3682725682666
21:28:06 	 47.8915601070358	 51.067854369897	 27.4008935711899	 42.9876173963161	 42.5845940072964	 34.4853036093165	 35.1241714704403	 28.5023273454311	 39.398244501969	 50.9208065696702	 29.5135384740878	 27.5384315232876	 24.1602721717837	 29.3682725682666
21:28:07 	 47.8915601070358	 51.067854369897	 27.4008935711899	 42.9876173963161	 42.5845940072964	 30.9163256631627	 35.1241714704403	 28.5023273454311	 36.20887054825	 52.8379337711204	 29.5135384740878	 27.5384315232876	 27.9621929081856	 29.3682725682666
21:28:08 	 47.8915601070358	 51.067854369897	 27.4008935711899	 42.9876173963161	 38.19800063037	 30.9163256631627	 35.1241714704403	 28.5023273454311	 36.20887054825	 52.8379337711204	 29.5135384740878	 27.5384315232876	 35.6701340832864	 29.3682725682666
21:28:09 	 47.8915601070358	 51.067854369897	 27.4008935711899	 42.9876173963161	 38.19800063037	 30.9163256631627	 35.1241714704403	 28.5023273454311	 36.20887054825	 52.8379337711204	 29.5135384740878	 27.5384315232876	 41.9216920046386	 29.3682725682666
21:28:10 	 47.8915601070358	 51.067854369897	 27.4008935711899	 42.9876173963161	 38.19800063037	 30.9163256631627	 35.1241714704403	 28.5023273454311	 36.20887054825	 52.8379337711204	 29.5135384740878	 27.5384315232876	 47.9666383720484	 29.3682725682666
21:28:11 	 47.8915601070358	 51.067854369897	 24.5292123519932	 40.9537712226046	 38.19800063037	 30.9163256631627	 35.1241714704403	 28.5023273454311	 36.20887054825	 52.8379337711204	 29.5135384740878	 27.5384315232876	 53.6654491432366	 29.3682725682666
21:28:12 	 47.8915601070358	 51.067854369897	 27.1684503252287	 40.9537712226046	 38.19800063037	 28.9443993914319	 35.1241714704403	 28.5023273454311	 36.20887054825	 52.8379337711204	 29.5135384740878	 27.5384315232876	 55.9231428251265	 29.3682725682666
21:28:13 	 45.8140298132367	 51.067854369897	 34.9408212130134	 40.9537712226046	 38.19800063037	 28.9443993914319	 35.1241714704403	 28.5023273454311	 36.20887054825	 52.8379337711204	 29.5135384740878	 27.5384315232876	 55.9231428251265	 29.3682725682666
21:28:14 	 45.8140298132367	 51.067854369897	 41.3057622675571	 40.9537712226046	 38.19800063037	 26.6129218340681	 35.1241714704403	 28.5023273454311	 36.20887054825	 52.8379337711204	 29.5135384740878	 24.0423626665618	 55.9231428251265	 27.0654965708211
21:28:15 	 45.8140298132367	 51.067854369897	 46.5461870183496	 40.9537712226046	 38.19800063037	 26.6129218340681	 35.1241714704403	 28.5023273454311	 36.20887054825	 52.8379337711204	 29.5135384740878	 24.0423626665618	 55.9231428251265	 27.0654965708211
21:28:16 	 45.8140298132367	 51.067854369897	 50.5707264112205	 40.9537712226046	 38.19800063037	 26.6129218340681	 33.1222896322057	 28.5023273454311	 36.20887054825	 52.8379337711204	 29.5135384740878	 24.0423626665618	 52.47794035142	 23.8928788178009
21:28:17 	 45.8140298132367	 51.067854369897	 53.6562086113408	 40.9537712226046	 38.19800063037	 26.6129218340681	 33.1222896322057	 28.5023273454311	 32.3274028148216	 52.8379337711204	 29.5135384740878	 27.3207346233565	 50.170666703731	 23.8928788178009
21:28:18 	 45.8140298132367	 51.067854369897	 53.6562086113408	 40.9537712226046	 38.19800063037	 26.6129218340681	 33.1222896322057	 28.5023273454311	 32.3274028148216	 52.8379337711204	 29.5135384740878	 34.2235705701956	 50.170666703731	 23.8928788178009
21:28:19 	 45.8140298132367	 51.067854369897	 49.8041225227063	 40.9537712226046	 38.19800063037	 26.6129218340681	 33.1222896322057	 28.5023273454311	 32.3274028148216	 52.8379337711204	 25.6933794074478	 38.8119677981764	 50.170666703731	 23.8928788178009
21:28:20 	 45.8140298132367	 51.067854369897	 49.8041225227063	 40.9537712226046	 35.3280104257824	 26.6129218340681	 33.1222896322057	 28.5023273454311	 32.3274028148216	 52.8379337711204	 25.6933794074478	 46.2392323650212	 50.170666703731	 20.1641618750429
21:28:21 	 45.8140298132367	 51.067854369897	 46.2775932893071	 40.9537712226046	 35.3280104257824	 26.6129218340681	 33.1222896322057	 28.5023273454311	 32.3274028148216	 52.8379337711204	 25.6933794074478	 52.7166643818898	 50.170666703731	 20.1641618750429
21:28:22 	 45.8140298132367	 49.2437003737782	 46.2775932893071	 40.9537712226046	 35.3280104257824	 26.6129218340681	 33.1222896322057	 28.5023273454311	 32.3274028148216	 52.8379337711204	 22.9828081680395	 56.0599675617911	 50.170666703731	 20.4841711729368
21:28:23 	 45.8140298132367	 49.2437003737782	 46.2775932893071	 37.4498397347436	 35.3280104257824	 26.6129218340681	 33.1222896322057	 28.5023273454311	 32.3274028148216	 52.8379337711204	 22.9828081680395	 56.0599675617911	 50.170666703731	 22.5573487417363
21:28:24 	 45.8140298132367	 49.2437003737782	 46.2775932893071	 37.4498397347436	 35.3280104257824	 26.6129218340681	 30.0359837741557	 28.5023273454311	 32.3274028148216	 52.8379337711204	 22.9828081680395	 56.0599675617911	 46.6714778249128	 28.5192636384509
21:28:25 	 39.9706770084088	 49.2437003737782	 46.2775932893071	 37.4498397347436	 35.3280104257824	 26.6129218340681	 30.0359837741557	 28.5023273454311	 32.3274028148216	 52.8379337711204	 22.9828081680395	 56.0599675617911	 46.6714778249128	 31.3173102439376
21:28:26 	 39.9706770084088	 49.2437003737782	 46.2775932893071	 37.4498397347436	 35.3280104257824	 26.6129218340681	 30.0359837741557	 25.6272774714854	 32.3274028148216	 52.8379337711204	 18.7186924279817	 56.0599675617911	 46.6714778249128	 38.5069483190066
21:28:27 	 39.9706770084088	 49.2437003737782	 42.2671821403069	 37.4498397347436	 35.3280104257824	 26.6129218340681	 30.0359837741557	 25.6272774714854	 32.3274028148216	 46.4796438145618	 22.0841293101398	 56.0599675617911	 46.6714778249128	 40.7988657286849
21:28:28 	 39.9706770084088	 49.2437003737782	 42.2671821403069	 37.4498397347436	 35.3280104257824	 26.6129218340681	 30.0359837741557	 21.8474649795041	 32.3274028148216	 46.4796438145618	 24.8456298114157	 56.0599675617911	 46.6714778249128	 40.7988657286849
21:28:29 	 36.1755319859314	 44.9457497925584	 42.2671821403069	 33.9285249621235	 32.6438812677565	 26.6129218340681	 30.0359837741557	 21.8474649795041	 32.3274028148216	 46.4796438145618	 30.2954047942017	 53.4904281264086	 46.6714778249128	 37.8176221817301
21:28:30 	 36.1755319859314	 38.8867784938678	 42.2671821403069	 33.9285249621235	 32.6438812677565	 26.6129218340681	 30.0359837741557	 21.8474649795041	 32.3274028148216	 46.4796438145618	 35.4324091048054	 53.4904281264086	 46.6714778249128	 37.8176221817301
21:28:31 	 36.1755319859314	 35.6182458293298	 42.2671821403069	 33.9285249621235	 32.6438812677565	 26.6129218340681	 30.0359837741557	 21.8474649795041	 32.3274028148216	 46.4796438145618	 41.7059510486943	 53.4904281264086	 43.7481101550383	 37.8176221817301
21:28:32 	 36.1755319859314	 32.4450749476685	 39.4260325539332	 33.9285249621235	 32.6438812677565	 26.6129218340681	 30.0359837741557	 25.6435742585444	 32.3274028148216	 46.4796438145618	 44.313128076586	 53.4904281264086	 43.7481101550383	 37.8176221817301
21:28:33 	 36.1755319859314	 32.4450749476685	 39.4260325539332	 33.9285249621235	 29.7252344858826	 26.6129218340681	 30.0359837741557	 29.9349445078778	 32.3274028148216	 44.4381584368868	 44.313128076586	 53.4904281264086	 43.7481101550383	 37.8176221817301
21:28:34 	 36.1755319859314	 32.4450749476685	 39.4260325539332	 33.9285249621235	 29.7252344858826	 26.6129218340681	 30.0359837741557	 33.3673928130185	 32.3274028148216	 41.1803854067657	 44.313128076586	 53.4904281264086	 43.7481101550383	 33.5867145320601
21:28:35 	 36.1755319859314	 32.4450749476685	 39.4260325539332	 33.9285249621235	 29.7252344858826	 26.6129218340681	 30.0359837741557	 38.1164541456748	 32.3274028148216	 41.1803854067657	 44.313128076586	 53.4904281264086	 43.7481101550383	 33.5867145320601
21:28:36 	 36.1755319859314	 29.7376914632339	 39.4260325539332	 33.9285249621235	 29.7252344858826	 26.6129218340681	 30.0359837741557	 43.6284531200608	 28.2766444826825	 41.1803854067657	 44.313128076586	 50.918477970167	 41.0681751250402	 33.5867145320601
21:28:37 	 34.8491842659924	 26.3113257658418	 39.4260325539332	 33.9285249621235	 29.7252344858826	 29.3603962499241	 30.0359837741557	 46.3992489489622	 28.2766444826825	 37.5587482252598	 41.2585860717764	 47.7471192917417	 37.9300822669728	 33.5867145320601
21:28:38 	 34.8491842659924	 26.3113257658418	 39.4260325539332	 33.9285249621235	 29.7252344858826	 35.5996805494248	 30.0359837741557	 43.1889165856703	 24.24903665649	 37.5587482252598	 41.2585860717764	 47.7471192917417	 37.9300822669728	 33.5867145320601
21:28:39 	 34.8491842659924	 26.3113257658418	 36.1955716309188	 33.9285249621235	 29.7252344858826	 43.3325413704018	 30.0359837741557	 43.1889165856703	 22.36241751955	 37.5587482252598	 41.2585860717764	 47.7471192917417	 37.9300822669728	 33.5867145320601
21:28:40 	 30.9097801973814	 22.1887066851579	 33.3040495124453	 33.9285249621235	 29.7252344858826	 50.22306661392	 30.0359837741557	 43.1889165856703	 22.36241751955	 37.5587482252598	 41.2585860717764	 47.7471192917417	 35.4232375862352	 30.0806528383988
21:28:41 	 30.9097801973814	 22.1887066851579	 33.3040495124453	 33.9285249621235	 29.7252344858826	 54.3617465575322	 30.0359837741557	 43.1889165856703	 22.36241751955	 37.5587482252598	 39.3378749958316	 47.7471192917417	 35.4232375862352	 30.0806528383988
21:28:42 	 30.9097801973814	 19.7437952287681	 29.1269962593476	 33.9285249621235	 29.7252344858826	 56.9148247506647	 30.0359837741557	 43.1889165856703	 26.195306980817	 37.5587482252598	 39.3378749958316	 47.7471192917417	 35.4232375862352	 30.0806528383988
21:28:43 	 30.9097801973814	 19.7437952287681	 29.1269962593476	 33.9285249621235	 29.7252344858826	 56.9148247506647	 30.0359837741557	 43.1889165856703	 32.4023220140158	 35.3177493806654	 39.3378749958316	 47.7471192917417	 35.4232375862352	 30.0806528383988
21:28:44 	 30.9097801973814	 19.7437952287681	 29.1269962593476	 32.0049923046898	 29.7252344858826	 54.0327954701112	 30.0359837741557	 43.1889165856703	 38.4105797607826	 32.4485104862873	 39.3378749958316	 47.7471192917417	 33.6799228683933	 30.0806528383988
21:28:45 	 30.9097801973814	 17.3374894165974	 29.1269962593476	 32.0049923046898	 29.7252344858826	 54.0327954701112	 30.0359837741557	 43.1889165856703	 43.1278328591186	 32.4485104862873	 36.4921759477244	 47.7471192917417	 33.6799228683933	 30.0806528383988
21:28:46 	 30.9097801973814	 17.3374894165974	 29.1269962593476	 32.0049923046898	 29.7252344858826	 54.0327954701112	 30.0359837741557	 43.1889165856703	 49.1589682991416	 32.4485104862873	 36.4921759477244	 45.8573373343921	 33.6799228683933	 30.0806528383988
21:28:47 	 30.9097801973814	 20.6491111981245	 29.1269962593476	 32.0049923046898	 29.7252344858826	 54.0327954701112	 26.0598608374401	 43.1889165856703	 53.5157833275464	 32.4485104862873	 36.4921759477244	 45.8573373343921	 31.7628706533428	 30.0806528383988
21:28:48 	 30.9097801973814	 25.3565441685293	 29.1269962593476	 32.0049923046898	 26.3843281184718	 54.0327954701112	 26.0598608374401	 40.0201715873625	 53.5157833275464	 32.4485104862873	 36.4921759477244	 45.8573373343921	 31.7628706533428	 30.0806528383988
21:28:49 	 30.9097801973814	 30.5627383570209	 29.1269962593476	 32.0049923046898	 26.3843281184718	 54.0327954701112	 26.0598608374401	 40.0201715873625	 53.5157833275464	 32.4485104862873	 36.4921759477244	 45.8573373343921	 31.7628706533428	 27.313193305248
21:28:50 	 30.9097801973814	 36.1991495818261	 29.1269962593476	 32.0049923046898	 26.3843281184718	 54.0327954701112	 26.0598608374401	 40.0201715873625	 53.5157833275464	 32.4485104862873	 36.4921759477244	 45.8573373343921	 31.7628706533428	 27.313193305248
21:28:51 	 30.9097801973814	 41.6932432007473	 29.1269962593476	 32.0049923046898	 26.3843281184718	 54.0327954701112	 26.0598608374401	 40.0201715873625	 53.5157833275464	 32.4485104862873	 36.4921759477244	 45.8573373343921	 31.7628706533428	 27.313193305248
21:28:52 	 30.9097801973814	 45.8989547917151	 29.1269962593476	 32.0049923046898	 26.3843281184718	 54.0327954701112	 29.0656978668139	 40.0201715873625	 50.4812944842509	 32.4485104862873	 36.4921759477244	 43.4644662098022	 31.7628706533428	 27.313193305248
21:28:53 	 30.9097801973814	 45.8989547917151	 29.1269962593476	 32.0049923046898	 26.3843281184718	 54.0327954701112	 34.5297192313908	 40.0201715873625	 50.4812944842509	 30.3458249685131	 36.4921759477244	 43.4644662098022	 31.7628706533428	 27.313193305248
21:28:54 	 30.9097801973814	 45.8989547917151	 29.1269962593476	 29.3175779253312	 26.3843281184718	 54.0327954701112	 41.0235194944255	 40.0201715873625	 50.4812944842509	 30.3458249685131	 36.4921759477244	 43.4644662098022	 31.7628706533428	 27.313193305248
21:28:55 	 30.9097801973814	 45.8989547917151	 29.1269962593476	 26.9626578494918	 26.3843281184718	 54.0327954701112	 42.0832656184704	 40.0201715873625	 50.4812944842509	 30.3458249685131	 36.4921759477244	 43.4644662098022	 31.7628706533428	 27.313193305248
21:28:56 	 30.9097801973814	 45.8989547917151	 29.1269962593476	 26.9626578494918	 22.5204085544086	 54.0327954701112	 50.0092211827819	 40.0201715873625	 50.4812944842509	 30.3458249685131	 36.4921759477244	 43.4644662098022	 31.7628706533428	 27.313193305248
21:28:57 	 30.9097801973814	 45.8989547917151	 29.1269962593476	 26.9626578494918	 26.2123922792882	 54.0327954701112	 52.2080680041427	 37.5175258424144	 50.4812944842509	 27.5029904923363	 34.2695245696375	 40.6875167198655	 31.7628706533428	 27.313193305248
21:28:58 	 30.9097801973814	 45.8989547917151	 29.1269962593476	 26.9626578494918	 31.7683950642669	 54.0327954701112	 52.2080680041427	 37.5175258424144	 50.4812944842509	 27.5029904923363	 31.7987381707717	 40.6875167198655	 31.7628706533428	 27.313193305248
21:28:59 	 30.9097801973814	 45.8989547917151	 29.1269962593476	 26.9626578494918	 34.291980508938	 54.0327954701112	 52.2080680041427	 37.5175258424144	 50.4812944842509	 27.5029904923363	 31.7987381707717	 40.6875167198655	 31.7628706533428	 27.313193305248
21:29:00 	 30.9097801973814	 45.8989547917151	 29.1269962593476	 26.9626578494918	 35.5909768216913	 54.0327954701112	 49.0918618600553	 37.5175258424144	 50.4812944842509	 27.5029904923363	 28.8296386926934	 40.6875167198655	 31.7628706533428	 27.313193305248
21:29:01 	 30.9097801973814	 45.8989547917151	 29.1269962593476	 26.9626578494918	 41.2280366927425	 54.0327954701112	 49.0918618600553	 35.1651823041366	 50.4812944842509	 27.5029904923363	 28.8296386926934	 40.6875167198655	 31.7628706533428	 27.313193305248
21:29:02 	 30.9097801973814	 45.8989547917151	 29.1269962593476	 26.9626578494918	 43.4926732641986	 54.0327954701112	 45.3037306030214	 35.1651823041366	 50.4812944842509	 27.5029904923363	 28.8296386926934	 40.6875167198655	 31.7628706533428	 30.0971947340015
21:29:03 	 28.3196387774868	 45.8989547917151	 29.1269962593476	 20.4127119440863	 43.4926732641986	 51.2572571935002	 45.3037306030214	 35.1651823041366	 47.0985499079687	 27.5029904923363	 28.8296386926934	 40.6875167198655	 31.7628706533428	 37.3514466085157
21:29:04 	 28.3196387774868	 45.8989547917151	 29.1269962593476	 20.4127119440863	 43.4926732641986	 51.2572571935002	 45.3037306030214	 35.1651823041366	 47.0985499079687	 27.5029904923363	 28.8296386926934	 37.9715821193557	 31.7628706533428	 42.680789183801
21:29:05 	 28.3196387774868	 45.8989547917151	 29.1269962593476	 20.4127119440863	 43.4926732641986	 51.2572571935002	 45.3037306030214	 35.1651823041366	 47.0985499079687	 27.5029904923363	 28.8296386926934	 35.2178364629725	 31.7628706533428	 48.8686553918862
21:29:06 	 28.3196387774868	 45.8989547917151	 29.1269962593476	 20.4127119440863	 43.4926732641986	 51.2572571935002	 45.3037306030214	 35.1651823041366	 47.0985499079687	 27.5029904923363	 28.8296386926934	 35.2178364629725	 31.7628706533428	 54.7977824416424
21:29:07 	 25.0669230261623	 45.8989547917151	 29.1269962593476	 22.4030566258356	 43.4926732641986	 51.2572571935002	 45.3037306030214	 32.6102617627244	 43.7894143914003	 24.9598283118369	 28.8296386926934	 35.2178364629725	 31.7628706533428	 58.1155560151229
21:29:08 	 25.0669230261623	 42.3513435103862	 29.1269962593476	 30.3015333300574	 43.4926732641986	 51.2572571935002	 45.3037306030214	 32.6102617627244	 43.7894143914003	 24.9598283118369	 28.8296386926934	 32.0176048952292	 31.7628706533428	 58.1155560151229
21:29:09 	 25.0669230261623	 40.1221157176461	 29.1269962593476	 37.4468221144683	 43.4926732641986	 51.2572571935002	 45.3037306030214	 32.6102617627244	 43.7894143914003	 24.9598283118369	 28.8296386926934	 32.0176048952292	 31.7628706533428	 58.1155560151229
21:29:10 	 25.0669230261623	 40.1221157176461	 29.1269962593476	 41.8705365216034	 43.4926732641986	 49.5339056978021	 45.3037306030214	 30.0112401718804	 43.7894143914003	 24.9598283118369	 28.8296386926934	 32.0176048952292	 31.7628706533428	 58.1155560151229
21:29:11 	 25.0669230261623	 40.1221157176461	 29.1269962593476	 47.5169598235062	 43.4926732641986	 49.5339056978021	 45.3037306030214	 30.0112401718804	 43.7894143914003	 24.9598283118369	 28.8296386926934	 32.0176048952292	 31.7628706533428	 58.1155560151229
21:29:12 	 25.0669230261623	 40.1221157176461	 29.1269962593476	 47.6346227991223	 43.4926732641986	 49.5339056978021	 45.3037306030214	 30.0112401718804	 43.7894143914003	 28.269402488821	 28.8296386926934	 32.0176048952292	 31.7628706533428	 58.1155560151229
21:29:13 	 25.0669230261623	 40.1221157176461	 29.1269962593476	 47.6346227991223	 43.4926732641986	 47.0338645311713	 45.3037306030214	 30.0112401718804	 43.7894143914003	 33.623879024223	 28.8296386926934	 32.0176048952292	 31.7628706533428	 58.1155560151229
21:29:14 	 25.0669230261623	 40.1221157176461	 29.1269962593476	 47.6346227991223	 43.4926732641986	 47.0338645311713	 45.3037306030214	 30.0112401718804	 43.7894143914003	 37.8888916926386	 25.5944356486043	 32.0176048952292	 31.7628706533428	 58.1155560151229
21:29:15 	 22.5100446386631	 40.1221157176461	 29.1269962593476	 47.6346227991223	 43.4926732641986	 47.0338645311713	 45.3037306030214	 30.0112401718804	 43.7894143914003	 44.1212587767783	 25.5944356486043	 32.0176048952292	 31.7628706533428	 58.1155560151229
21:29:16 	 22.5100446386631	 40.1221157176461	 29.1269962593476	 47.6346227991223	 43.4926732641986	 47.0338645311713	 45.3037306030214	 30.0112401718804	 40.1687837832646	 50.2865983030432	 25.5944356486043	 32.0176048952292	 31.7628706533428	 58.1155560151229
21:29:17 	 26.9961855998322	 40.1221157176461	 29.1269962593476	 47.6346227991223	 43.4926732641986	 47.0338645311713	 45.3037306030214	 30.0112401718804	 36.8838188884361	 53.0574076123172	 25.5944356486043	 32.0176048952292	 31.7628706533428	 58.1155560151229
21:29:18 	 32.3636839456814	 40.1221157176461	 29.1269962593476	 47.6346227991223	 43.4926732641986	 47.0338645311713	 45.3037306030214	 30.0112401718804	 36.8838188884361	 53.0574076123172	 25.5944356486043	 32.0176048952292	 28.0826204175884	 58.1155560151229
21:29:19 	 37.6572102592835	 40.1221157176461	 29.1269962593476	 47.6346227991223	 43.4926732641986	 47.0338645311713	 45.3037306030214	 30.0112401718804	 33.400984096853	 53.0574076123172	 25.5944356486043	 32.0176048952292	 28.0826204175884	 58.1155560151229
21:29:20 	 44.8301932243881	 38.0214948482724	 29.1269962593476	 47.6346227991223	 43.4926732641986	 43.3316221166074	 45.3037306030214	 30.0112401718804	 33.400984096853	 51.6659250619793	 25.5944356486043	 32.0176048952292	 28.0826204175884	 58.1155560151229
21:29:21 	 47.7118078659984	 38.0214948482724	 29.1269962593476	 47.6346227991223	 43.4926732641986	 43.3316221166074	 45.3037306030214	 30.0112401718804	 33.400984096853	 51.6659250619793	 25.5944356486043	 32.0176048952292	 24.1775562350795	 58.1155560151229
21:29:22 	 49.5164059122217	 35.7859300743696	 29.1269962593476	 47.6346227991223	 43.4926732641986	 43.3316221166074	 45.3037306030214	 30.0112401718804	 33.400984096853	 48.9442441668036	 25.5944356486043	 32.0176048952292	 27.8050560793034	 58.1155560151229
21:29:23 	 49.5164059122217	 32.8830698600429	 29.1269962593476	 47.6346227991223	 43.4926732641986	 43.3316221166074	 45.3037306030214	 30.0112401718804	 33.400984096853	 48.9442441668036	 25.5944356486043	 32.0176048952292	 34.1840081001634	 58.1155560151229
21:29:24 	 45.9219802966085	 30.5366988741989	 29.1269962593476	 44.6778246935953	 41.1735576638435	 43.3316221166074	 45.3037306030214	 30.0112401718804	 33.400984096853	 48.9442441668036	 25.5944356486043	 32.0176048952292	 41.1171861732779	 58.1155560151229
21:29:25 	 42.7341296581608	 30.5366988741989	 29.1269962593476	 44.6778246935953	 37.6418188118614	 43.3316221166074	 45.3037306030214	 30.0112401718804	 33.400984096853	 48.9442441668036	 25.5944356486043	 32.0176048952292	 45.2901368879847	 58.1155560151229
21:29:26 	 42.7341296581608	 30.5366988741989	 29.1269962593476	 44.6778246935953	 37.6418188118614	 43.3316221166074	 45.3037306030214	 30.0112401718804	 33.400984096853	 48.9442441668036	 25.5944356486043	 30.2063629541243	 51.9139146505015	 58.1155560151229
21:29:27 	 42.7341296581608	 30.5366988741989	 26.8943166716477	 44.6778246935953	 37.6418188118614	 41.9179341749861	 42.6032801308697	 30.0112401718804	 33.400984096853	 46.1809566905891	 25.5944356486043	 30.2063629541243	 54.5668660824548	 58.1155560151229
21:29:28 	 42.7341296581608	 30.5366988741989	 26.8943166716477	 44.6778246935953	 37.6418188118614	 41.9179341749861	 42.6032801308697	 30.0112401718804	 33.400984096853	 46.1809566905891	 31.5414206742964	 26.724563651069	 54.5668660824548	 58.1155560151229
21:29:29 	 42.7341296581608	 30.5366988741989	 26.8943166716477	 40.1149756946111	 37.6418188118614	 41.9179341749861	 39.7420679021901	 30.0112401718804	 33.400984096853	 46.1809566905891	 37.2608838246102	 26.724563651069	 52.548305547021	 58.1155560151229
21:29:30 	 42.7341296581608	 28.5614653751177	 26.8943166716477	 40.1149756946111	 37.6418188118614	 41.9179341749861	 39.7420679021901	 30.0112401718804	 31.1533658079964	 46.1809566905891	 42.6829333101429	 23.4461916942744	 50.2906118651311	 58.1155560151229
21:29:31 	 42.7341296581608	 28.5614653751177	 26.8943166716477	 40.1149756946111	 37.6418188118614	 41.9179341749861	 39.7420679021901	 30.0112401718804	 31.1533658079964	 46.1809566905891	 47.8775486690944	 23.4461916942744	 50.2906118651311	 58.1155560151229
21:29:32 	 42.7341296581608	 28.5614653751177	 26.8943166716477	 40.1149756946111	 37.6418188118614	 41.9179341749861	 39.7420679021901	 30.0112401718804	 31.1533658079964	 46.1809566905891	 48.5174632942559	 26.3459537642218	 50.2906118651311	 58.1155560151229
21:29:33 	 42.7341296581608	 28.5614653751177	 26.8943166716477	 40.1149756946111	 37.6418188118614	 39.2940935192351	 39.7420679021901	 30.0112401718804	 31.1533658079964	 46.1809566905891	 45.5271571067848	 33.1146163486665	 50.2906118651311	 58.1155560151229
21:29:34 	 42.7341296581608	 28.5614653751177	 23.9489160821103	 40.1149756946111	 37.6418188118614	 39.2940935192351	 39.7420679021901	 30.0112401718804	 31.1533658079964	 43.5090320419796	 45.5271571067848	 40.2165384149403	 50.2906118651311	 58.1155560151229
21:29:35 	 42.7341296581608	 28.5614653751177	 23.9489160821103	 40.1149756946111	 34.4412177872711	 39.2940935192351	 39.7420679021901	 30.0112401718804	 31.1533658079964	 43.5090320419796	 45.5271571067848	 45.7704893755984	 46.4886911287291	 58.1155560151229
21:29:36 	 39.4709056379395	 28.5614653751177	 23.9489160821103	 40.1149756946111	 34.4412177872711	 39.2940935192351	 35.8526472378663	 30.0112401718804	 31.1533658079964	 41.5919048405294	 45.5271571067848	 51.4036661253628	 46.4886911287291	 55.2983314898811
21:29:37 	 39.4709056379395	 28.5614653751177	 27.6279592075026	 40.1149756946111	 34.4412177872711	 39.2940935192351	 35.8526472378663	 30.0112401718804	 31.1533658079964	 41.5919048405294	 45.5271571067848	 51.171745497836	 46.4886911287291	 55.2983314898811
21:29:38 	 36.0222682342672	 28.5614653751177	 33.4289322703252	 36.9417787513143	 34.4412177872711	 36.2319782446432	 35.8526472378663	 30.0112401718804	 31.1533658079964	 41.5919048405294	 45.5271571067848	 51.171745497836	 46.4886911287291	 55.2983314898811
21:29:39 	 36.0222682342672	 28.5614653751177	 41.2124350740103	 36.9417787513143	 34.4412177872711	 32.6802608435749	 35.8526472378663	 30.0112401718804	 31.1533658079964	 41.5919048405294	 45.5271571067848	 51.171745497836	 46.4886911287291	 55.2983314898811
21:29:40 	 36.0222682342672	 28.5614653751177	 43.0172088412323	 36.9417787513143	 30.8686066153256	 32.6802608435749	 35.8526472378663	 30.0112401718804	 31.1533658079964	 41.5919048405294	 45.5271571067848	 51.171745497836	 46.4886911287291	 51.5706437387282
21:29:41 	 36.0222682342672	 28.5614653751177	 49.7622369730589	 36.9417787513143	 28.3157655304524	 32.6802608435749	 32.9165916852274	 27.2527007827677	 31.1533658079964	 41.5919048405294	 45.5271571067848	 51.171745497836	 42.1513503997944	 51.5706437387282
21:29:42 	 36.0222682342672	 28.5614653751177	 51.2938139035577	 36.9417787513143	 24.7031197763127	 29.5753027772597	 32.9165916852274	 30.9946805223736	 31.1533658079964	 39.2626592673748	 40.1584795776171	 51.171745497836	 42.1513503997944	 51.5706437387282
21:29:43 	 36.0222682342672	 28.5614653751177	 51.2938139035577	 36.9417787513143	 24.7031197763127	 29.5753027772597	 30.7653597240159	 35.9074298008209	 31.1533658079964	 39.2626592673748	 40.1584795776171	 51.171745497836	 42.1513503997944	 51.5706437387282
21:29:44 	 36.0222682342672	 28.5614653751177	 51.2938139035577	 36.9417787513143	 24.7031197763127	 29.5753027772597	 30.7653597240159	 43.5253099018398	 31.1533658079964	 39.2626592673748	 40.1584795776171	 51.171745497836	 42.1513503997944	 51.5706437387282
21:29:45 	 36.0222682342672	 28.5614653751177	 48.1460451944582	 36.9417787513143	 24.7031197763127	 29.5753027772597	 30.7653597240159	 51.4102661484862	 31.1533658079964	 35.0558243797173	 40.1584795776171	 51.171745497836	 42.1513503997944	 51.5706437387282
21:29:46 	 33.8833736861915	 28.5614653751177	 46.0533891527652	 36.9417787513143	 24.7031197763127	 29.5753027772597	 30.7653597240159	 57.0011341535867	 31.1533658079964	 35.0558243797173	 40.1584795776171	 51.171745497836	 42.1513503997944	 51.5706437387282
21:29:47 	 30.1586551279857	 28.5614653751177	 46.0533891527652	 36.9417787513143	 26.9371049555116	 29.5753027772597	 30.7653597240159	 61.120802151318	 31.1533658079964	 35.0558243797173	 40.1584795776171	 51.171745497836	 42.1513503997944	 51.5706437387282
21:29:48 	 30.1586551279857	 28.5614653751177	 46.0533891527652	 36.9417787513143	 32.260401489297	 29.5753027772597	 30.7653597240159	 61.120802151318	 31.1533658079964	 35.0558243797173	 40.1584795776171	 51.171745497836	 39.5750921729466	 51.5706437387282
21:29:49 	 30.1586551279857	 28.5614653751177	 46.0533891527652	 36.9417787513143	 38.0742527483828	 26.1632229729844	 30.7653597240159	 61.120802151318	 31.1533658079964	 35.0558243797173	 37.6045116629274	 51.171745497836	 39.5750921729466	 51.5706437387282
21:29:50 	 30.1586551279857	 28.5614653751177	 43.4141511795297	 36.9417787513143	 43.8160557140257	 26.1632229729844	 30.7653597240159	 61.120802151318	 31.1533658079964	 32.2204401697612	 37.6045116629274	 51.171745497836	 35.8997924784422	 51.5706437387282
21:29:51 	 30.1586551279857	 28.5614653751177	 43.4141511795297	 34.4325594279081	 48.5164396332084	 23.1971251933299	 30.7653597240159	 58.3500063224166	 31.1533658079964	 32.2204401697612	 37.6045116629274	 51.171745497836	 35.8997924784422	 51.5706437387282
21:29:52 	 30.1586551279857	 28.5614653751177	 39.3983640334663	 30.3264383834516	 51.3296781714087	 22.273418802599	 30.7653597240159	 54.6648073919447	 31.1533658079964	 32.2204401697612	 34.3550088385899	 51.171745497836	 35.8997924784422	 51.5706437387282
21:29:53 	 30.1586551279857	 28.5614653751177	 39.3983640334663	 30.3264383834516	 51.3296781714087	 25.4232520200374	 30.7653597240159	 54.6648073919447	 28.779754981242	 32.2204401697612	 34.3550088385899	 48.0216990760899	 35.8997924784422	 51.5706437387282
21:29:54 	 30.1586551279857	 28.5614653751177	 39.3983640334663	 30.3264383834516	 51.3296781714087	 32.667935577414	 30.7653597240159	 54.6648073919447	 28.779754981242	 32.2204401697612	 34.3550088385899	 45.0260663622765	 35.8997924784422	 51.5706437387282
21:29:55 	 30.1586551279857	 28.5614653751177	 39.3983640334663	 30.3264383834516	 51.3296781714087	 41.3158442431816	 30.7653597240159	 54.6648073919447	 28.779754981242	 32.2204401697612	 34.3550088385899	 45.0260663622765	 35.8997924784422	 51.5706437387282
21:29:56 	 30.1586551279857	 26.5499933492904	 39.3983640334663	 30.3264383834516	 51.3296781714087	 44.1273184368817	 30.7653597240159	 54.6648073919447	 28.779754981242	 32.2204401697612	 34.3550088385899	 45.0260663622765	 35.8997924784422	 51.5706437387282
21:29:57 	 30.1586551279857	 26.5499933492904	 35.9788235684601	 30.3264383834516	 51.3296781714087	 52.5713376540104	 30.7653597240159	 54.6648073919447	 28.779754981242	 32.2204401697612	 34.3550088385899	 45.0260663622765	 35.8997924784422	 49.2658920002849
21:29:58 	 30.1586551279857	 31.2578380915434	 35.9788235684601	 30.3264383834516	 51.3296781714087	 52.5713376540104	 30.7653597240159	 54.6648073919447	 28.779754981242	 32.2204401697612	 34.3550088385899	 45.0260663622765	 33.7599102935414	 49.2658920002849
21:29:59 	 30.1586551279857	 38.6191422761334	 35.9788235684601	 30.3264383834516	 51.3296781714087	 52.5713376540104	 30.7653597240159	 54.6648073919447	 28.779754981242	 32.2204401697612	 34.3550088385899	 45.0260663622765	 30.3893098473753	 49.2658920002849
21:30:00 	 30.1586551279857	 44.1997232243306	 35.9788235684601	 30.3264383834516	 51.3296781714087	 52.5713376540104	 30.7653597240159	 54.6648073919447	 28.779754981242	 32.2204401697612	 34.3550088385899	 45.0260663622765	 30.3893098473753	 49.2658920002849
21:30:01 	 30.1586551279857	 45.871990759411	 35.9788235684601	 30.3264383834516	 51.3296781714087	 52.5713376540104	 30.7653597240159	 54.6648073919447	 28.779754981242	 28.0975793004803	 34.3550088385899	 45.0260663622765	 30.3893098473753	 49.2658920002849
21:30:02 	 30.1586551279857	 51.0414996757743	 35.9788235684601	 30.3264383834516	 47.9731714205484	 52.5713376540104	 30.7653597240159	 54.6648073919447	 28.779754981242	 28.0975793004803	 34.3550088385899	 45.0260663622765	 30.3893098473753	 45.6087288420135
21:30:03 	 30.1586551279857	 51.0414996757743	 35.9788235684601	 30.3264383834516	 47.9731714205484	 52.5713376540104	 23.8385334771893	 54.6648073919447	 33.8442064718511	 28.0975793004803	 34.3550088385899	 45.0260663622765	 30.3893098473753	 45.6087288420135
21:30:04 	 30.1586551279857	 51.0414996757743	 35.9788235684601	 30.3264383834516	 47.9731714205484	 52.5713376540104	 23.8385334771893	 52.7106924814594	 41.4694492965131	 28.0975793004803	 34.3550088385899	 45.0260663622765	 30.3893098473753	 45.6087288420135
21:30:05 	 30.1586551279857	 51.0414996757743	 34.1869637632891	 30.3264383834516	 47.9731714205484	 52.5713376540104	 23.8385334771893	 52.7106924814594	 47.2093457326417	 28.0975793004803	 34.3550088385899	 45.0260663622765	 30.3893098473753	 41.9986247476276
21:30:06 	 30.1586551279857	 51.0414996757743	 34.1869637632891	 30.3264383834516	 47.9731714205484	 52.5713376540104	 23.8385334771893	 52.7106924814594	 48.4559321787748	 28.0975793004803	 34.3550088385899	 45.0260663622765	 30.3893098473753	 41.9986247476276
21:30:07 	 30.1586551279857	 51.0414996757743	 34.1869637632891	 30.3264383834516	 47.9731714205484	 52.5713376540104	 26.5063024917624	 52.7106924814594	 51.0261115198928	 28.0975793004803	 34.3550088385899	 41.9265032216437	 30.3893098473753	 41.9986247476276
21:30:08 	 30.1586551279857	 51.0414996757743	 34.1869637632891	 30.3264383834516	 47.9731714205484	 52.5713376540104	 33.9494610191313	 52.7106924814594	 51.0261115198928	 28.0975793004803	 34.3550088385899	 37.5988017954317	 30.3893098473753	 39.2146233188741
21:30:09 	 30.1586551279857	 51.0414996757743	 34.1869637632891	 30.3264383834516	 45.4657077940375	 52.5713376540104	 40.4666421602253	 48.9145832024191	 51.0261115198928	 28.0975793004803	 34.3550088385899	 33.8460122703387	 30.3893098473753	 36.2037823413911
21:30:10 	 30.1586551279857	 47.8467775131101	 34.1869637632891	 30.3264383834516	 45.4657077940375	 52.5713376540104	 48.5041621862977	 48.9145832024191	 47.1932220586257	 28.0975793004803	 34.3550088385899	 33.8460122703387	 30.3893098473753	 36.2037823413911
21:30:11 	 30.1586551279857	 47.8467775131101	 30.4303800215678	 30.3264383834516	 45.4657077940375	 48.2580326419761	 54.0767319285122	 48.9145832024191	 47.1932220586257	 28.0975793004803	 34.3550088385899	 33.8460122703387	 30.3893098473753	 36.2037823413911
21:30:12 	 30.1586551279857	 47.8467775131101	 30.4303800215678	 30.3264383834516	 45.4657077940375	 44.8807953264396	 56.8490192444412	 46.9870063977758	 47.1932220586257	 30.6538273518219	 34.3550088385899	 30.5027090904374	 30.3893098473753	 36.2037823413911
21:30:13 	 30.1586551279857	 47.8467775131101	 30.4303800215678	 30.3264383834516	 42.9421223493663	 44.8807953264396	 56.8490192444412	 46.9870063977758	 42.8364070302209	 36.0667268307029	 34.3550088385899	 30.5027090904374	 30.3893098473753	 36.2037823413911
21:30:14 	 30.1586551279857	 47.8467775131101	 30.4303800215678	 30.3264383834516	 42.9421223493663	 44.8807953264396	 56.8490192444412	 46.9870063977758	 39.1788824169524	 42.3917440860831	 34.3550088385899	 30.5027090904374	 30.3893098473753	 33.9118649317127
21:30:15 	 30.1586551279857	 47.8467775131101	 30.4303800215678	 30.3264383834516	 42.9421223493663	 44.8807953264396	 56.8490192444412	 46.9870063977758	 39.1788824169524	 47.7302394268165	 34.3550088385899	 30.5027090904374	 30.3893098473753	 31.113818326226
21:30:16 	 30.1586551279857	 47.8467775131101	 30.4303800215678	 25.6316133084168	 42.9421223493663	 44.8807953264396	 56.8490192444412	 46.9870063977758	 39.1788824169524	 52.3557079358524	 34.3550088385899	 30.5027090904374	 30.3893098473753	 31.113818326226
21:30:17 	 30.1586551279857	 47.8467775131101	 30.4303800215678	 28.2103838467159	 42.9421223493663	 44.8807953264396	 53.6100958466038	 46.9870063977758	 39.1788824169524	 52.3890144206729	 32.1547366801413	 30.5027090904374	 30.3893098473753	 31.113818326226
21:30:18 	 30.1586551279857	 47.8467775131101	 30.4303800215678	 33.5859445742877	 42.9421223493663	 44.8807953264396	 50.6729501114696	 46.9870063977758	 36.5540109078105	 52.3890144206729	 32.1547366801413	 30.5027090904374	 30.3893098473753	 26.7620446013199
21:30:19 	 30.1586551279857	 47.8467775131101	 30.4303800215678	 36.5715515367467	 42.9421223493663	 44.8807953264396	 50.6729501114696	 46.9870063977758	 36.5540109078105	 52.3890144206729	 32.1547366801413	 30.5027090904374	 30.3893098473753	 26.7620446013199
21:30:20 	 30.1586551279857	 47.8467775131101	 30.4303800215678	 43.2885509812757	 42.9421223493663	 44.8807953264396	 50.6729501114696	 46.9870063977758	 36.5540109078105	 52.3890144206729	 29.5717002842273	 30.5027090904374	 30.3893098473753	 23.876250826296
21:30:21 	 30.1586551279857	 47.8467775131101	 30.4303800215678	 47.0282664220342	 42.9421223493663	 44.8807953264396	 50.6729501114696	 46.9870063977758	 36.5540109078105	 52.3890144206729	 29.5717002842273	 30.5027090904374	 30.3893098473753	 23.876250826296
21:30:22 	 27.0634443384474	 47.8467775131101	 30.4303800215678	 50.3528742532839	 42.9421223493663	 44.8807953264396	 50.6729501114696	 46.9870063977758	 36.5540109078105	 52.3890144206729	 29.5717002842273	 30.5027090904374	 30.3893098473753	 22.8268989437952
21:30:23 	 27.0634443384474	 45.6001214813684	 30.4303800215678	 50.3528742532839	 42.9421223493663	 44.8807953264396	 46.6679837646108	 46.9870063977758	 36.5540109078105	 52.3890144206729	 29.5717002842273	 30.5027090904374	 30.3893098473753	 30.6738580637584
21:30:24 	 27.0634443384474	 45.6001214813684	 30.4303800215678	 50.3528742532839	 42.9421223493663	 44.8807953264396	 42.3260147784704	 46.9870063977758	 36.5540109078105	 52.3890144206729	 29.5717002842273	 30.5027090904374	 30.3893098473753	 33.4275903772581
21:30:25 	 27.0634443384474	 45.6001214813684	 30.4303800215678	 50.3528742532839	 42.9421223493663	 44.8807953264396	 42.3260147784704	 46.9870063977758	 36.5540109078105	 49.1125507708107	 26.2884645278096	 30.5027090904374	 30.3893098473753	 42.1903448974013
21:30:26 	 27.0634443384474	 45.6001214813684	 30.4303800215678	 50.3528742532839	 42.9421223493663	 44.8807953264396	 40.1741835015761	 46.9870063977758	 36.5540109078105	 49.1125507708107	 26.2884645278096	 30.5027090904374	 28.1525906347747	 48.7219468920888
21:30:27 	 30.8029217923764	 45.6001214813684	 30.4303800215678	 50.3528742532839	 40.6774857779102	 42.3277171333071	 40.1741835015761	 46.9870063977758	 36.5540109078105	 49.1125507708107	 26.2884645278096	 30.5027090904374	 28.1525906347747	 52.2662492628608
21:30:28 	 35.9833153115385	 45.6001214813684	 30.4303800215678	 48.3625295715346	 40.6774857779102	 39.4656701493429	 40.1741835015761	 40.2455580991073	 33.3863773636004	 49.1125507708107	 26.2884645278096	 30.5027090904374	 24.0592377988406	 52.2662492628608
21:30:29 	 38.8719352806162	 45.6001214813684	 30.4303800215678	 48.3625295715346	 37.0364091097423	 39.4656701493429	 40.1741835015761	 40.2455580991073	 33.3863773636004	 46.4513923408551	 26.2884645278096	 30.5027090904374	 24.0592377988406	 52.2662492628608
21:30:30 	 45.9264853813107	 43.883144695447	 30.4303800215678	 48.3625295715346	 37.0364091097423	 39.4656701493429	 37.6473078721333	 40.2455580991073	 33.3863773636004	 46.4513923408551	 26.2884645278096	 30.5027090904374	 24.0592377988406	 52.2662492628608
21:30:31 	 52.0015589006102	 43.883144695447	 30.4303800215678	 48.3625295715346	 37.0364091097423	 39.4656701493429	 37.6473078721333	 36.6895858965633	 33.3863773636004	 46.4513923408551	 26.2884645278096	 30.5027090904374	 22.0059911306655	 52.2662492628608
21:30:32 	 57.0574059255233	 43.883144695447	 30.4303800215678	 48.3625295715346	 37.0364091097423	 39.4656701493429	 35.4484610507726	 36.6895858965633	 33.3863773636004	 46.4513923408551	 26.2884645278096	 30.5027090904374	 22.0059911306655	 52.2662492628608
21:30:33 	 53.5178603471247	 41.7924341404324	 30.4303800215678	 45.1403390675029	 37.0364091097423	 39.4656701493429	 33.010485767252	 33.8681013685503	 29.990777306044	 46.4513923408551	 26.2884645278096	 30.5027090904374	 28.9159518575663	 49.9539197518004
21:30:34 	 53.5178603471247	 37.5867225494647	 30.4303800215678	 45.1403390675029	 37.0364091097423	 39.4656701493429	 33.010485767252	 33.8681013685503	 29.990777306044	 46.4513923408551	 24.9525412967885	 30.5027090904374	 34.342618788861	 49.9539197518004
21:30:35 	 53.5178603471247	 37.5867225494647	 30.4303800215678	 45.1403390675029	 37.0364091097423	 39.4656701493429	 33.010485767252	 33.8681013685503	 29.990777306044	 46.4513923408551	 24.9525412967885	 30.5027090904374	 39.7883292729628	 49.9539197518004
21:30:36 	 53.5178603471247	 37.5867225494647	 30.4303800215678	 45.1403390675029	 37.0364091097423	 39.4656701493429	 33.010485767252	 33.8681013685503	 27.8983957168499	 46.4513923408551	 22.0862007519915	 30.5027090904374	 45.9655303049455	 49.9539197518004
21:30:37 	 53.5178603471247	 37.5867225494647	 30.4303800215678	 45.1403390675029	 35.040425906859	 39.4656701493429	 33.010485767252	 33.8681013685503	 27.8983957168499	 46.4513923408551	 22.0862007519915	 30.5027090904374	 51.2160315082079	 49.9539197518004
21:30:38 	 53.5178603471247	 37.5867225494647	 30.4303800215678	 45.1403390675029	 35.040425906859	 39.4656701493429	 33.010485767252	 33.8681013685503	 25.0869807412075	 46.4513923408551	 28.2629451683379	 30.5027090904374	 51.2160315082079	 49.9539197518004
21:30:39 	 53.5178603471247	 37.5867225494647	 30.4303800215678	 45.1403390675029	 35.040425906859	 39.4656701493429	 33.010485767252	 33.8681013685503	 25.0869807412075	 46.4513923408551	 25.6205738237542	 30.5027090904374	 51.2160315082079	 49.9539197518004
21:30:40 	 53.5178603471247	 35.1259456108016	 27.958818033079	 45.1403390675029	 35.040425906859	 39.4656701493429	 33.010485767252	 33.8681013685503	 25.0869807412075	 46.4513923408551	 30.7393803853123	 30.5027090904374	 51.2160315082079	 49.9539197518004
21:30:41 	 53.5178603471247	 35.1259456108016	 27.958818033079	 43.0099797753371	 35.040425906859	 35.5412426854792	 33.010485767252	 33.8681013685503	 25.0869807412075	 46.4513923408551	 36.3588558375578	 30.5027090904374	 51.2160315082079	 49.9539197518004
21:30:42 	 53.5178603471247	 31.8143238292744	 24.4496751883214	 39.2492809863055	 35.040425906859	 35.5412426854792	 33.010485767252	 33.8681013685503	 27.7649403543204	 46.4513923408551	 39.0135144100391	 30.5027090904374	 51.2160315082079	 49.9539197518004
21:30:43 	 51.8360997017175	 31.8143238292744	 24.4496751883214	 39.2492809863055	 35.040425906859	 35.5412426854792	 33.010485767252	 33.8681013685503	 33.2184034141772	 46.4513923408551	 39.0135144100391	 30.5027090904374	 51.2160315082079	 47.5103709515391
21:30:44 	 51.8360997017175	 31.8143238292744	 24.4496751883214	 39.2492809863055	 35.040425906859	 35.5412426854792	 33.010485767252	 33.8681013685503	 40.9893458078173	 46.4513923408551	 34.6299744907464	 30.5027090904374	 47.0737986999485	 47.5103709515391
21:30:45 	 51.8360997017175	 31.8143238292744	 24.4496751883214	 39.2492809863055	 31.3484421819794	 35.5412426854792	 33.010485767252	 33.8681013685503	 46.1819846931913	 46.4513923408551	 34.6299744907464	 30.5027090904374	 47.0737986999485	 47.5103709515391
21:30:46 	 51.8360997017175	 31.8143238292744	 24.4496751883214	 39.2492809863055	 31.3484421819794	 35.5412426854792	 33.010485767252	 33.8681013685503	 51.4232028165124	 43.6805830315811	 34.6299744907464	 30.5027090904374	 47.0737986999485	 47.5103709515391
21:30:47 	 51.8360997017175	 31.8143238292744	 24.1929080055508	 39.2492809863055	 31.3484421819794	 35.5412426854792	 33.010485767252	 33.8681013685503	 54.6950130471757	 43.6805830315811	 34.6299744907464	 27.7415701151851	 47.0737986999485	 47.5103709515391
21:30:48 	 51.8360997017175	 31.8143238292744	 27.5735646740537	 39.2492809863055	 31.3484421819794	 35.5412426854792	 33.010485767252	 33.8681013685503	 54.6950130471757	 43.6805830315811	 34.6299744907464	 27.7415701151851	 47.0737986999485	 47.5103709515391
21:30:49 	 51.8360997017175	 31.8143238292744	 32.6737471310573	 39.2492809863055	 31.3484421819794	 35.5412426854792	 33.010485767252	 31.8613513879406	 54.6950130471757	 43.6805830315811	 34.6299744907464	 27.7415701151851	 47.0737986999485	 43.8935734128432
21:30:50 	 47.4839518510873	 31.8143238292744	 38.439963555979	 39.2492809863055	 28.8260544292144	 35.5412426854792	 33.010485767252	 29.5218845081445	 54.6950130471757	 43.6805830315811	 34.6299744907464	 27.7415701151851	 47.0737986999485	 43.8935734128432
21:30:51 	 47.4839518510873	 28.4109407653678	 42.0694536209884	 35.7332169765685	 26.5891984489782	 35.5412426854792	 33.010485767252	 29.5218845081445	 54.6950130471757	 43.6805830315811	 34.6299744907464	 27.7415701151851	 47.0737986999485	 40.249425632715
21:30:52 	 47.4839518510873	 28.4109407653678	 45.7313466910296	 35.7332169765685	 29.066684756876	 35.5412426854792	 33.010485767252	 29.5218845081445	 54.6950130471757	 43.6805830315811	 34.6299744907464	 24.8418080452378	 47.0737986999485	 40.249425632715
21:30:53 	 39.3643735032123	 28.4109407653678	 45.7313466910296	 35.7332169765685	 36.958378559094	 32.779694110259	 33.010485767252	 29.5218845081445	 54.6950130471757	 43.6805830315811	 34.6299744907464	 20.5010249542163	 47.0737986999485	 40.249425632715
21:30:54 	 37.5597754569889	 28.4109407653678	 45.7313466910296	 35.7332169765685	 42.2158512141044	 32.779694110259	 33.010485767252	 29.5218845081445	 54.6950130471757	 43.6805830315811	 34.6299744907464	 20.5010249542163	 44.4208472679951	 40.249425632715
21:30:55 	 37.5597754569889	 28.4109407653678	 45.7313466910296	 35.7332169765685	 46.6193685898771	 32.779694110259	 33.010485767252	 25.3495311696628	 54.6950130471757	 43.6805830315811	 34.6299744907464	 20.5010249542163	 44.4208472679951	 40.249425632715
21:30:56 	 37.5597754569889	 28.4109407653678	 45.7313466910296	 31.5954390613782	 52.1920116753473	 32.779694110259	 33.010485767252	 25.3495311696628	 54.6950130471757	 43.6805830315811	 34.6299744907464	 20.5010249542163	 44.4208472679951	 40.249425632715
21:30:57 	 37.5597754569889	 28.4109407653678	 45.7313466910296	 31.5954390613782	 54.2906023178624	 32.779694110259	 33.010485767252	 25.3495311696628	 54.6950130471757	 43.6805830315811	 34.6299744907464	 23.4753998035012	 44.4208472679951	 40.249425632715
21:30:58 	 37.5597754569889	 28.4109407653678	 45.7313466910296	 31.5954390613782	 54.2906023178624	 32.779694110259	 33.010485767252	 25.3495311696628	 54.6950130471757	 43.6805830315811	 34.6299744907464	 25.5476397047777	 44.4208472679951	 36.9316520592344
21:30:59 	 37.5597754569889	 28.4109407653678	 45.7313466910296	 31.5954390613782	 54.2906023178624	 32.779694110259	 33.010485767252	 25.3495311696628	 54.6950130471757	 40.7246795973036	 34.6299744907464	 28.6013672346809	 44.4208472679951	 36.9316520592344
21:31:00 	 37.5597754569889	 28.4109407653678	 45.7313466910296	 31.5954390613782	 54.2906023178624	 29.6439350521847	 33.010485767252	 25.3495311696628	 54.6950130471757	 37.4884739385904	 34.6299744907464	 32.4788444972576	 44.4208472679951	 36.9316520592344
21:31:01 	 37.5597754569889	 28.4109407653678	 45.7313466910296	 31.5954390613782	 54.2906023178624	 29.6439350521847	 33.010485767252	 25.3495311696628	 54.6950130471757	 37.4884739385904	 34.6299744907464	 36.0226713234428	 44.4208472679951	 36.9316520592344
21:31:02 	 37.5597754569889	 28.4109407653678	 45.7313466910296	 29.4803980559674	 54.2906023178624	 29.6439350521847	 33.010485767252	 21.2298631719316	 54.6950130471757	 37.4884739385904	 34.6299744907464	 42.9552968387966	 44.4208472679951	 32.5687955341506
21:31:03 	 37.5597754569889	 28.4109407653678	 45.7313466910296	 29.4803980559674	 54.2906023178624	 25.7005610718403	 33.010485767252	 24.264679178784	 54.6950130471757	 37.4884739385904	 34.6299744907464	 42.9552968387966	 40.766300052042	 32.5687955341506
21:31:04 	 35.3614599329251	 28.4109407653678	 45.7313466910296	 29.4803980559674	 54.2906023178624	 25.7005610718403	 33.010485767252	 31.1312191975604	 54.6950130471757	 33.9842928422811	 34.6299744907464	 42.9552968387966	 40.766300052042	 32.5687955341506
21:31:05 	 32.7318907396638	 28.4109407653678	 44.1997697605308	 29.4803980559674	 51.559490593083	 25.7005610718403	 33.010485767252	 35.6652488518192	 54.6950130471757	 33.9842928422811	 34.6299744907464	 40.4100621794476	 40.766300052042	 32.5687955341506
21:31:06 	 32.7318907396638	 28.4109407653678	 44.1997697605308	 29.4803980559674	 51.559490593083	 21.314741762542	 33.010485767252	 40.4975125184925	 54.6950130471757	 33.9842928422811	 34.6299744907464	 40.4100621794476	 40.766300052042	 32.5687955341506
21:31:07 	 32.7318907396638	 28.4109407653678	 44.1997697605308	 29.4803980559674	 51.559490593083	 21.314741762542	 33.010485767252	 48.3737044854339	 54.6950130471757	 31.8660219655922	 32.3934439442711	 40.4100621794476	 40.766300052042	 32.5687955341506
21:31:08 	 32.7318907396638	 28.4109407653678	 44.1997697605308	 27.1717246542432	 51.559490593083	 27.1098017001735	 29.432062062718	 48.3737044854339	 54.6950130471757	 31.8660219655922	 32.3934439442711	 40.4100621794476	 40.766300052042	 32.5687955341506
21:31:09 	 32.7318907396638	 28.4109407653678	 44.1997697605308	 27.1717246542432	 51.559490593083	 32.4791508433215	 29.432062062718	 44.3263036030896	 54.6950130471757	 31.8660219655922	 32.3934439442711	 37.1881761018686	 40.766300052042	 32.5687955341506
21:31:10 	 29.9939615870759	 26.080064901742	 44.1997697605308	 27.1717246542432	 51.559490593083	 38.648459776187	 29.432062062718	 40.5843238634837	 54.6950130471757	 31.8660219655922	 32.3934439442711	 31.4535541706768	 40.766300052042	 32.5687955341506
21:31:11 	 29.9939615870759	 26.080064901742	 44.1997697605308	 27.1717246542432	 51.559490593083	 44.0214265234933	 29.432062062718	 40.5843238634837	 54.6950130471757	 31.8660219655922	 32.3934439442711	 31.4535541706768	 40.766300052042	 32.5687955341506
21:31:12 	 29.9939615870759	 27.8556376910101	 44.1997697605308	 27.1717246542432	 51.559490593083	 46.4197804351332	 29.432062062718	 40.5843238634837	 54.6950130471757	 31.8660219655922	 32.3934439442711	 31.4535541706768	 40.766300052042	 32.5687955341506
21:31:13 	 29.9939615870759	 33.8940460045693	 44.1997697605308	 27.1717246542432	 51.559490593083	 46.4197804351332	 29.432062062718	 40.5843238634837	 54.6950130471757	 31.8660219655922	 32.3934439442711	 31.4535541706768	 40.766300052042	 32.5687955341506
21:31:14 	 29.9939615870759	 37.7235091778283	 44.1997697605308	 27.1717246542432	 51.559490593083	 46.4197804351332	 29.432062062718	 40.5843238634837	 54.6950130471757	 29.4767881669371	 32.3934439442711	 31.4535541706768	 40.766300052042	 32.5687955341506
21:31:15 	 29.9939615870759	 45.2304393214321	 39.9263036171929	 27.1717246542432	 51.559490593083	 46.4197804351332	 29.432062062718	 40.5843238634837	 54.6950130471757	 29.4767881669371	 32.3934439442711	 31.4535541706768	 40.766300052042	 32.5687955341506
21:31:16 	 29.9939615870759	 49.6896608574237	 37.1803594500078	 27.1717246542432	 48.8305262464247	 46.4197804351332	 29.432062062718	 40.5843238634837	 54.6950130471757	 27.0333586665621	 32.3934439442711	 31.4535541706768	 37.7970695054783	 32.5687955341506
21:31:17 	 29.9939615870759	 53.4176417379067	 37.1803594500078	 31.335177302469	 48.8305262464247	 46.4197804351332	 26.4080417032971	 40.5843238634837	 54.6950130471757	 27.0333586665621	 32.3934439442711	 31.4535541706768	 34.1695696612545	 32.5687955341506
21:31:18 	 29.9939615870759	 53.4176417379067	 37.1803594500078	 36.0435626279079	 48.8305262464247	 46.4197804351332	 26.4080417032971	 40.5843238634837	 54.6950130471757	 27.0333586665621	 29.4353591317949	 31.4535541706768	 34.1695696612545	 32.5687955341506
21:31:19 	 29.9939615870759	 53.4176417379067	 37.1803594500078	 42.0484671078482	 46.8612540520213	 46.4197804351332	 26.4080417032971	 40.5843238634837	 54.6950130471757	 27.0333586665621	 29.4353591317949	 31.4535541706768	 34.1695696612545	 32.5687955341506
21:31:20 	 29.9939615870759	 53.4176417379067	 37.1803594500078	 47.1939229804243	 46.8612540520213	 46.4197804351332	 26.4080417032971	 40.5843238634837	 54.6950130471757	 27.0333586665621	 27.4923377956321	 29.1214892875977	 32.0498656147228	 32.5687955341506
21:31:21 	 29.9939615870759	 53.4176417379067	 37.1803594500078	 53.3202281264473	 46.8612540520213	 46.4197804351332	 26.4080417032971	 40.5843238634837	 51.4247192760459	 27.0333586665621	 27.4923377956321	 29.1214892875977	 32.0498656147228	 32.5687955341506
21:31:22 	 29.9939615870759	 53.4176417379067	 37.1803594500078	 57.0542860036876	 46.8612540520213	 46.4197804351332	 26.4080417032971	 37.6783245656461	 51.4247192760459	 27.9205765761719	 27.4923377956321	 29.1214892875977	 32.0498656147228	 32.5687955341506
21:31:23 	 29.9939615870759	 53.4176417379067	 37.1803594500078	 57.0542860036876	 46.8612540520213	 46.4197804351332	 26.4080417032971	 34.2327978031089	 51.4247192760459	 35.4516787225166	 27.4923377956321	 29.1214892875977	 32.0498656147228	 32.5687955341506
21:31:24 	 29.9939615870759	 53.4176417379067	 37.1803594500078	 57.0542860036876	 46.8612540520213	 42.1576910786639	 23.635754387368	 34.2327978031089	 51.4247192760459	 40.3115298350868	 27.4923377956321	 29.1214892875977	 29.2100403775424	 32.5687955341506
21:31:25 	 29.9939615870759	 53.4176417379067	 37.1803594500078	 53.6819352552374	 44.6272688728225	 38.0915538414398	 23.635754387368	 30.3952424388068	 51.4247192760459	 41.8264440730656	 27.4923377956321	 29.1214892875977	 29.2100403775424	 32.5687955341506
21:31:26 	 29.9939615870759	 53.4176417379067	 37.1803594500078	 53.6819352552374	 44.6272688728225	 38.0915538414398	 19.8530059935476	 30.3952424388068	 51.4247192760459	 46.1070792468313	 23.4869862883125	 29.1214892875977	 29.2100403775424	 32.5687955341506
21:31:27 	 29.9939615870759	 53.4176417379067	 37.1803594500078	 53.6819352552374	 44.6272688728225	 38.0915538414398	 24.2197403194511	 30.3952424388068	 49.5097789060624	 49.9823727542895	 23.4869862883125	 29.1214892875977	 29.2100403775424	 29.815063220651
21:31:28 	 29.9939615870759	 53.4176417379067	 33.5013163246155	 53.6819352552374	 44.6272688728225	 38.0915538414398	 26.3594396863042	 30.3952424388068	 49.5097789060624	 49.9823727542895	 23.4869862883125	 29.1214892875977	 29.2100403775424	 29.815063220651
21:31:29 	 29.9939615870759	 50.1679366533353	 33.5013163246155	 52.3593081694551	 44.6272688728225	 38.0915538414398	 32.1555233587638	 30.3952424388068	 49.5097789060624	 49.9823727542895	 23.4869862883125	 29.1214892875977	 29.2100403775424	 25.7027194121422
21:31:30 	 29.9939615870759	 50.1679366533353	 33.5013163246155	 52.3593081694551	 44.6272688728225	 38.0915538414398	 35.2836084463286	 30.3952424388068	 49.5097789060624	 49.9823727542895	 23.4869862883125	 29.1214892875977	 29.2100403775424	 25.7027194121422
21:31:31 	 29.9939615870759	 50.1679366533353	 33.5013163246155	 52.3593081694551	 44.6272688728225	 38.0915538414398	 41.3659943397846	 30.3952424388068	 49.5097789060624	 49.9823727542895	 23.4869862883125	 29.1214892875977	 29.2100403775424	 25.7027194121422
21:31:32 	 26.4913030204949	 47.976864475076	 29.226956365688	 52.3593081694551	 41.0064057632995	 38.0915538414398	 47.4620117491429	 30.3952424388068	 49.5097789060624	 49.9823727542895	 23.4869862883125	 29.1214892875977	 29.2100403775424	 25.7027194121422
21:31:33 	 26.4913030204949	 47.976864475076	 29.226956365688	 49.0146594733763	 37.921518850872	 33.5909086046556	 47.4620117491429	 30.3952424388068	 44.1018442135	 49.9823727542895	 28.1124951721561	 29.1214892875977	 29.2100403775424	 25.7027194121422
21:31:34 	 26.4913030204949	 47.976864475076	 29.226956365688	 49.0146594733763	 37.921518850872	 33.5909086046556	 43.4850540976724	 30.3952424388068	 40.9523330928744	 47.5052284169995	 32.615490848429	 29.1214892875977	 29.2100403775424	 25.7027194121422
21:31:35 	 22.9455795200713	 47.976864475076	 29.226956365688	 49.0146594733763	 37.921518850872	 33.5909086046556	 43.4850540976724	 30.3952424388068	 40.9523330928744	 47.5052284169995	 37.3338286383119	 29.1214892875977	 25.4897137116901	 25.7027194121422
21:31:36 	 22.9455795200713	 47.976864475076	 29.226956365688	 49.0146594733763	 37.921518850872	 30.7794344109554	 43.4850540976724	 30.3952424388068	 40.9523330928744	 47.5052284169995	 42.7952940393547	 29.1214892875977	 25.4897137116901	 25.7027194121422
21:31:37 	 22.9455795200713	 44.983106032702	 29.226956365688	 49.0146594733763	 37.921518850872	 30.7794344109554	 43.4850540976724	 30.3952424388068	 40.9523330928744	 47.5052284169995	 49.3739774056435	 29.1214892875977	 22.9968044761504	 25.7027194121422
21:31:38 	 29.5200614786998	 44.983106032702	 29.226956365688	 49.0146594733763	 36.2190854266096	 30.7794344109554	 43.4850540976724	 30.3952424388068	 40.9523330928744	 47.5052284169995	 49.3739774056435	 29.1214892875977	 22.9968044761504	 22.5771328940489
21:31:39 	 36.034518919566	 44.983106032702	 29.226956365688	 49.0146594733763	 36.2190854266096	 30.7794344109554	 43.4850540976724	 30.3952424388068	 40.9523330928744	 47.5052284169995	 49.3739774056435	 29.1214892875977	 22.9968044761504	 19.1711174174547
21:31:40 	 40.2979363529974	 44.983106032702	 29.226956365688	 49.0146594733763	 36.2190854266096	 30.7794344109554	 43.4850540976724	 30.3952424388068	 40.9523330928744	 47.5052284169995	 49.3739774056435	 29.1214892875977	 22.9968044761504	 19.1711174174547
21:31:41 	 43.2933367441895	 44.983106032702	 29.226956365688	 49.0146594733763	 36.2190854266096	 28.2835849927436	 43.4850540976724	 30.3952424388068	 40.9523330928744	 47.5052284169995	 49.3739774056435	 29.1214892875977	 22.9968044761504	 19.1711174174547
21:31:42 	 46.4548678403277	 44.983106032702	 29.226956365688	 49.0146594733763	 32.7141384412029	 28.2835849927436	 43.4850540976724	 30.3952424388068	 40.9523330928744	 47.5052284169995	 49.3739774056435	 29.1214892875977	 19.4428100393866	 21.770158317517
21:31:43 	 46.4548678403277	 44.983106032702	 29.226956365688	 49.0146594733763	 32.7141384412029	 28.2835849927436	 43.4850540976724	 30.3952424388068	 40.9523330928744	 47.5052284169995	 49.3739774056435	 29.1214892875977	 19.4428100393866	 26.3232683263302
21:31:44 	 46.4548678403277	 44.983106032702	 29.226956365688	 49.0146594733763	 32.7141384412029	 28.2835849927436	 39.0659159297244	 30.3952424388068	 38.3821537517564	 47.5052284169995	 49.3739774056435	 29.1214892875977	 19.4428100393866	 32.0619451371734
21:31:45 	 44.0636901781169	 44.983106032702	 29.226956365688	 49.0146594733763	 29.9008999030026	 28.2835849927436	 39.0659159297244	 30.3952424388068	 35.1637523429661	 47.5052284169995	 49.3739774056435	 29.1214892875977	 19.4428100393866	 40.4232093947922
21:31:46 	 44.0636901781169	 44.983106032702	 29.226956365688	 49.0146594733763	 29.9008999030026	 28.2835849927436	 39.0659159297244	 30.3952424388068	 35.1637523429661	 47.5052284169995	 49.3739774056435	 29.1214892875977	 19.4428100393866	 46.0775993374879
21:31:47 	 42.1075696662081	 44.983106032702	 29.226956365688	 49.0146594733763	 29.9008999030026	 28.2835849927436	 39.0659159297244	 30.3952424388068	 32.5932482419699	 44.5084061608119	 49.3739774056435	 29.1214892875977	 22.0879851891355	 48.4895983599523
21:31:48 	 39.2189496971305	 44.983106032702	 29.226956365688	 49.0146594733763	 29.9008999030026	 28.2835849927436	 39.0659159297244	 30.3952424388068	 30.123645576971	 40.6605332427217	 49.3739774056435	 29.1214892875977	 26.0462947880468	 48.4895983599523
21:31:49 	 39.2189496971305	 44.983106032702	 29.226956365688	 49.0146594733763	 29.9008999030026	 25.1050386725912	 39.0659159297244	 30.3952424388068	 27.4529315546462	 40.6605332427217	 46.6875724875266	 29.1214892875977	 32.4061825930009	 48.4895983599523
21:31:50 	 39.2189496971305	 44.983106032702	 29.226956365688	 49.0146594733763	 29.9008999030026	 25.1050386725912	 39.0659159297244	 30.3952424388068	 27.4529315546462	 40.6605332427217	 46.6875724875266	 29.1214892875977	 37.2545862693564	 48.4895983599523
21:31:51 	 39.2189496971305	 41.2079695748177	 26.2577909377915	 49.0146594733763	 29.9008999030026	 25.1050386725912	 39.0659159297244	 30.3952424388068	 27.4529315546462	 40.6605332427217	 46.6875724875266	 29.1214892875977	 43.2392145507459	 48.4895983599523
21:31:52 	 39.2189496971305	 37.621801848112	 26.2577909377915	 49.0146594733763	 29.9008999030026	 27.5586037988001	 39.0659159297244	 30.3952424388068	 27.4529315546462	 40.6605332427217	 46.6875724875266	 29.1214892875977	 47.524298148679	 48.4895983599523
21:31:53 	 39.2189496971305	 37.621801848112	 26.2577909377915	 49.0146594733763	 29.9008999030026	 33.231174364661	 39.0659159297244	 30.3952424388068	 24.7749719415333	 38.1042851913801	 46.6875724875266	 29.1214892875977	 47.524298148679	 48.4895983599523
21:31:54 	 39.2189496971305	 37.621801848112	 26.2577909377915	 49.0146594733763	 29.9008999030026	 37.8949866405296	 39.0659159297244	 30.3952424388068	 24.7749719415333	 38.1042851913801	 42.8070180576575	 29.1214892875977	 47.524298148679	 48.4895983599523
21:31:55 	 35.4794722432015	 37.621801848112	 26.2577909377915	 46.6552275052501	 29.9008999030026	 43.4230726490354	 39.0659159297244	 30.3952424388068	 24.7749719415333	 38.1042851913801	 42.8070180576575	 29.1214892875977	 44.7006689565623	 48.4895983599523
21:31:56 	 35.4794722432015	 37.621801848112	 26.2577909377915	 46.6552275052501	 29.9008999030026	 45.886094277371	 35.0053535551225	 30.3952424388068	 18.9437917155342	 38.1042851913801	 42.8070180576575	 29.1214892875977	 41.4702842416898	 48.4895983599523
21:31:57 	 35.4794722432015	 35.907715548233	 26.2577909377915	 46.6552275052501	 29.9008999030026	 50.8967671533713	 35.0053535551225	 30.3952424388068	 18.9437917155342	 38.1042851913801	 39.4404021766803	 29.1214892875977	 41.4702842416898	 48.4895983599523
21:31:58 	 31.9275807090879	 35.907715548233	 26.2577909377915	 46.6552275052501	 29.9008999030026	 50.8967671533713	 32.0665961185625	 30.3952424388068	 24.8574529793369	 38.1042851913801	 39.4404021766803	 29.1214892875977	 41.4702842416898	 48.4895983599523
21:31:59 	 31.9275807090879	 35.907715548233	 23.4595292249246	 46.6552275052501	 29.9008999030026	 50.8967671533713	 32.0665961185625	 30.3952424388068	 25.5987089375561	 34.7614045295755	 39.4404021766803	 29.1214892875977	 41.4702842416898	 48.4895983599523
21:32:00 	 31.9275807090879	 33.403184170709	 23.4595292249246	 46.6552275052501	 29.9008999030026	 50.8967671533713	 32.0665961185625	 30.3952424388068	 32.3990330443681	 34.7614045295755	 39.4404021766803	 27.5516349189269	 41.4702842416898	 48.4895983599523
21:32:01 	 31.9275807090879	 33.403184170709	 23.4595292249246	 43.3306196740004	 29.9008999030026	 50.8967671533713	 32.0665961185625	 30.3952424388068	 40.2137269594184	 34.7614045295755	 39.4404021766803	 27.5516349189269	 41.4702842416898	 48.4895983599523
21:32:02 	 31.9275807090879	 33.403184170709	 20.9179035978398	 43.3306196740004	 29.9008999030026	 50.8967671533713	 32.0665961185625	 30.3952424388068	 46.1486969736998	 34.7614045295755	 39.4404021766803	 27.5516349189269	 41.4702842416898	 48.4895983599523
21:32:03 	 31.9275807090879	 33.403184170709	 27.1662979625865	 40.7086271062058	 29.9008999030026	 50.8967671533713	 32.0665961185625	 30.3952424388068	 46.1486969736998	 34.7614045295755	 39.4404021766803	 27.5516349189269	 41.4702842416898	 48.4895983599523
21:32:04 	 31.9275807090879	 30.002554375004	 32.8617653373072	 40.7086271062058	 29.9008999030026	 50.8967671533713	 32.0665961185625	 30.3952424388068	 46.1486969736998	 34.7614045295755	 39.4404021766803	 25.244012025021	 41.4702842416898	 45.3601531448672
21:32:05 	 31.9275807090879	 30.002554375004	 38.9907890302074	 40.7086271062058	 29.9008999030026	 50.8967671533713	 32.0665961185625	 30.3952424388068	 46.1486969736998	 34.7614045295755	 36.8607310647615	 25.244012025021	 41.4702842416898	 45.3601531448672
21:32:06 	 31.9275807090879	 30.002554375004	 44.8869143307679	 40.7086271062058	 29.9008999030026	 50.8967671533713	 32.0665961185625	 30.3952424388068	 46.1486969736998	 30.8919414939274	 36.8607310647615	 25.244012025021	 41.4702842416898	 41.1279528196397
21:32:07 	 31.9275807090879	 30.002554375004	 52.1047754221882	 40.7086271062058	 29.9008999030026	 50.8967671533713	 32.0665961185625	 30.3952424388068	 46.1486969736998	 30.8919414939274	 35.5231008909991	 22.1902844951178	 41.4702842416898	 41.1279528196397
21:32:08 	 31.9275807090879	 30.002554375004	 52.1047754221882	 37.9550589464287	 29.9008999030026	 47.7276838273183	 32.0665961185625	 30.3952424388068	 46.1486969736998	 30.8919414939274	 35.5231008909991	 27.4601189547524	 41.4702842416898	 41.1279528196397
21:32:09 	 31.9275807090879	 30.002554375004	 52.1047754221882	 37.9550589464287	 22.3687970800823	 47.7276838273183	 30.2767747701684	 30.3952424388068	 46.1486969736998	 30.8919414939274	 35.5231008909991	 33.707733328987	 41.4702842416898	 36.597398624724
21:32:10 	 31.9275807090879	 30.002554375004	 52.1047754221882	 37.9550589464287	 19.3350176895887	 47.7276838273183	 30.2767747701684	 30.3952424388068	 46.1486969736998	 30.8919414939274	 35.5231008909991	 39.2218652165215	 38.5365265459348	 36.597398624724
21:32:11 	 31.9275807090879	 30.002554375004	 49.418618249636	 37.9550589464287	 19.3350176895887	 47.7276838273183	 30.2767747701684	 30.3952424388068	 46.1486969736998	 30.8919414939274	 35.5231008909991	 41.4330291870202	 38.5365265459348	 36.597398624724
21:32:12 	 31.9275807090879	 30.002554375004	 46.4749486444754	 37.9550589464287	 19.3350176895887	 47.7276838273183	 30.2767747701684	 30.3952424388068	 46.1486969736998	 30.8919414939274	 35.5231008909991	 49.0304169729994	 36.1096545347892	 36.597398624724
21:32:13 	 31.9275807090879	 30.002554375004	 46.4749486444754	 34.8784202427197	 25.1949846995842	 47.7276838273183	 30.2767747701684	 30.3952424388068	 46.1486969736998	 30.8919414939274	 35.5231008909991	 44.9867714061467	 33.4864479395703	 36.597398624724
21:32:14 	 31.9275807090879	 30.002554375004	 46.4749486444754	 34.8784202427197	 33.2577401071688	 45.4477972632046	 30.2767747701684	 30.3952424388068	 46.1486969736998	 30.8919414939274	 35.5231008909991	 44.9867714061467	 33.4864479395703	 36.597398624724
21:32:15 	 31.9275807090879	 26.9360743105328	 46.4749486444754	 34.8784202427197	 35.5194051478648	 45.4477972632046	 30.2767747701684	 30.3952424388068	 46.1486969736998	 30.8919414939274	 35.5231008909991	 44.9867714061467	 33.4864479395703	 32.8627833132696
21:32:16 	 31.9275807090879	 26.9360743105328	 42.7714941711543	 34.8784202427197	 40.2004418532064	 45.4477972632046	 30.2767747701684	 30.3952424388068	 42.8768867430365	 30.8919414939274	 35.5231008909991	 44.9867714061467	 33.4864479395703	 32.8627833132696
21:32:17 	 31.9275807090879	 25.3660608721656	 42.7714941711543	 34.8784202427197	 43.6272618588964	 45.4477972632046	 30.2767747701684	 30.3952424388068	 42.8768867430365	 30.8919414939274	 35.5231008909991	 44.9867714061467	 33.4864479395703	 32.8627833132696
21:32:18 	 31.9275807090879	 30.9940264698019	 42.7714941711543	 34.8784202427197	 40.5021795311851	 45.4477972632046	 30.2767747701684	 30.3952424388068	 42.8768867430365	 30.8919414939274	 32.5900303568704	 44.9867714061467	 33.4864479395703	 32.8627833132696
21:32:19 	 31.9275807090879	 38.6400260492785	 42.7714941711543	 32.4064775121109	 38.3697892038861	 45.4477972632046	 30.2767747701684	 30.3952424388068	 42.8768867430365	 30.8919414939274	 32.5900303568704	 44.9867714061467	 33.4864479395703	 32.8627833132696
21:32:20 	 31.9275807090879	 44.6367706848233	 40.5347585464016	 29.8277069738118	 38.3697892038861	 45.4477972632046	 30.2767747701684	 30.3952424388068	 42.8768867430365	 30.8919414939274	 32.5900303568704	 44.9867714061467	 33.4864479395703	 32.8627833132696
21:32:21 	 31.9275807090879	 48.5231268505579	 40.5347585464016	 29.8277069738118	 38.3697892038861	 45.4477972632046	 30.2767747701684	 30.3952424388068	 42.8768867430365	 30.8919414939274	 32.5900303568704	 44.9867714061467	 29.8068719275419	 32.8627833132696
21:32:22 	 31.9275807090879	 48.3708714916693	 40.5347585464016	 29.8277069738118	 38.3697892038861	 45.4477972632046	 30.2767747701684	 32.5127601427073	 38.8699210448944	 30.8919414939274	 32.5900303568704	 44.9867714061467	 29.8068719275419	 29.3184809424976
21:32:23 	 31.9275807090879	 48.3708714916693	 40.5347585464016	 29.8277069738118	 38.3697892038861	 45.4477972632046	 30.2767747701684	 39.7875281792172	 38.8699210448944	 30.8919414939274	 32.5900303568704	 44.9867714061467	 29.8068719275419	 29.3184809424976
21:32:24 	 31.9275807090879	 48.3708714916693	 40.5347585464016	 27.4106186188355	 38.3697892038861	 45.4477972632046	 30.2767747701684	 42.5892429484051	 38.8699210448944	 30.8919414939274	 32.5900303568704	 44.9867714061467	 29.8068719275419	 29.3184809424976
21:32:25 	 29.398230690212	 48.3708714916693	 40.5347585464016	 24.6336699454974	 38.3697892038861	 45.4477972632046	 30.2767747701684	 46.7411016112963	 38.8699210448944	 30.8919414939274	 32.5900303568704	 44.9867714061467	 29.8068719275419	 29.3184809424976
21:32:26 	 29.398230690212	 48.3708714916693	 40.5347585464016	 24.6336699454974	 38.3697892038861	 45.4477972632046	 30.2767747701684	 50.1483866988759	 35.5295222010419	 30.8919414939274	 32.5900303568704	 44.9867714061467	 29.8068719275419	 29.3184809424976
21:32:27 	 29.398230690212	 48.3708714916693	 40.5347585464016	 24.6336699454974	 38.3697892038861	 45.4477972632046	 30.2767747701684	 51.7276431198833	 35.5295222010419	 30.8919414939274	 32.5900303568704	 44.9867714061467	 29.8068719275419	 29.3184809424976
21:32:28 	 29.398230690212	 46.7413176572431	 40.5347585464016	 31.5832082360615	 36.5166088331512	 45.4477972632046	 30.2767747701684	 51.7276431198833	 35.5295222010419	 30.8919414939274	 32.5900303568704	 44.9867714061467	 29.8068719275419	 29.3184809424976
21:32:29 	 29.398230690212	 46.7413176572431	 40.5347585464016	 33.4356010575717	 36.5166088331512	 45.4477972632046	 30.2767747701684	 51.7276431198833	 35.5295222010419	 30.8919414939274	 32.5900303568704	 41.9603616348967	 28.0814881092924	 29.3184809424976
21:32:30 	 26.7335613275097	 46.7413176572431	 37.7122117266405	 39.8940225367464	 36.5166088331512	 45.4477972632046	 30.2767747701684	 51.7276431198833	 35.5295222010419	 30.8919414939274	 27.6391817979118	 41.9603616348967	 28.0814881092924	 29.3184809424976